seq_length,freq_A,freq_C,freq_G,freq_T,gc_content,at_content,gc_at_ratio,shannon_entropy,nucleotide_diversity,kmer_2_AA,kmer_2_AC,kmer_2_AG,kmer_2_AT,kmer_2_CA,kmer_2_CC,kmer_2_CG,kmer_2_CT,kmer_2_GA,kmer_2_GC,kmer_2_GG,kmer_2_GT,kmer_2_TA,kmer_2_TC,kmer_2_TG,kmer_2_TT,kmer_3_AAA,kmer_3_AAC,kmer_3_AAG,kmer_3_AAT,kmer_3_ACA,kmer_3_ACC,kmer_3_ACG,kmer_3_ACT,kmer_3_AGA,kmer_3_AGC,kmer_3_AGG,kmer_3_AGT,kmer_3_ATA,kmer_3_ATC,kmer_3_ATG,kmer_3_ATT,kmer_3_CAA,kmer_3_CAC,kmer_3_CAG,kmer_3_CAT,kmer_3_CCA,kmer_3_CCC,kmer_3_CCG,kmer_3_CCT,kmer_3_CGA,kmer_3_CGC,kmer_3_CGG,kmer_3_CGT,kmer_3_CTA,kmer_3_CTC,kmer_3_CTG,kmer_3_CTT,kmer_3_GAA,kmer_3_GAC,kmer_3_GAG,kmer_3_GAT,kmer_3_GCA,kmer_3_GCC,kmer_3_GCG,kmer_3_GCT,kmer_3_GGA,kmer_3_GGC,kmer_3_GGG,kmer_3_GGT,kmer_3_GTA,kmer_3_GTC,kmer_3_GTG,kmer_3_GTT,kmer_3_TAA,kmer_3_TAC,kmer_3_TAG,kmer_3_TAT,kmer_3_TCA,kmer_3_TCC,kmer_3_TCG,kmer_3_TCT,kmer_3_TGA,kmer_3_TGC,kmer_3_TGG,kmer_3_TGT,kmer_3_TTA,kmer_3_TTC,kmer_3_TTG,kmer_3_TTT
0.0,-1.3594443328217771,2.720938089768359,-0.8542651956330323,-0.005135786362110777,0.9408635744609694,-0.9408635744609685,0.8757680196456231,1.0951290482672018,1.1733890007926435,0.4226034363537772,0.6838481805658335,-2.044878909806356,-1.1558369341222832,-1.009997302808206,3.1720128268771624,1.2006021304690626,1.157822705778231,-1.1556801118945228,-0.3020829948644768,-0.7033699271266997,0.16709915261430253,-1.1866584342489621,0.863988094015963,0.282688486883659,0.024333214006035893,0.350921694706549,2.486614212240526,-0.5454636987399429,-0.8034942206313018,-0.6349861551253058,0.27044716351029024,1.2907729807455666,0.8854579783107721,-0.8195910139555955,0.16841823493055733,-1.7103018001260681,-1.2411423032762936,-1.3920253695387932,-1.1232409751389947,0.6129234032752473,-0.6725492442679737,1.101195521651122,-0.7634071585620196,-0.9138520044026233,-1.3747395216776217,0.10185269522307577,3.1911909892599626,3.2293298729878037,1.8648554738910097,-0.5716725051808857,-0.16012815380508713,-0.41259646939878314,2.8095422567427994,0.0961490046248891,-0.5413946885240514,1.5505209640822277,1.2978099252602269,-0.23707767747280864,0.14769697546751853,-1.3621982756017916,-0.6727458038087416,-0.011811182333045038,0.5175437523125814,-0.7428194340123639,-0.7567422364446674,0.08811132046969085,-0.7021082929699173,-0.41525173426895756,-0.7526617577238643,-0.8130932109142461,1.7816700707717326,-1.1937929360724986,0.8453348344696201,-0.7438026899104839,-0.5805058007225344,-1.1548052177063493,-0.5281659678368675,-0.8666018017258531,2.399902922493051,-0.39927470475234533,0.2828643111695687,-0.3704795326436135,0.05193474404167029,0.3525617304264587,0.8041112456846411,-0.7192155650692812,1.3113337285355913,-0.21603158562266953,-0.30523636263991905
0.0,-0.35808941894107776,0.008424691656427995,-0.6365889251848433,0.7654005543926089,-0.6666258744728581,0.6666258744728581,-0.6869711302066628,0.4335720178904251,0.4413508864062299,-1.063595725277118,1.2206170606662274,-0.4091375875211017,-0.1506331956189426,-1.009997302808206,0.07105543399250784,-1.0589605219778861,1.157822705778231,0.13757884139128826,-0.3020829948644768,-0.2421489634852977,-1.405822167067049,1.3676563894844727,-1.5616453909486119,-0.32879218860717374,1.1335106592035185,-0.15955402821696796,-0.7393624931512592,-0.5454636987399429,-0.8034942206313018,0.469353924478592,0.27044716351029024,-0.5207517998072982,1.7713149234646202,-0.8195910139555955,1.3909344023173573,0.6898497455010574,-1.2411423032762936,-0.6290976764016629,-1.1232409751389947,-1.3105249697954193,2.3171797445537785,-0.515021477925163,-0.7634071585620196,1.4075055374158152,-1.3747395216776217,0.10185269522307577,-0.39194767146243636,-0.30966176864266615,0.7169339552590924,-0.5716725051808857,-0.16012815380508713,-0.41259646939878314,-0.648554890931044,1.6371529425093485,-0.5413946885240514,0.44330861701922897,0.19353857775096445,-0.9949426027419808,2.2934298799440707,-0.07989343228419918,-0.6727458038087416,-0.9710519945847689,0.5175437523125814,-0.7428194340123639,0.8796075188897279,0.872864229943182,-0.7021082929699173,-0.41525173426895756,-0.7526617577238643,0.9450430719827936,-0.6549505261380968,-1.1937929360724986,-0.8452199089262212,-0.7438026899104839,1.530685419390582,-1.1548052177063493,1.957718750139443,-0.8666018017258531,-1.0083620856070368,-0.39927470475234533,-0.9075044536149697,0.6518447285406318,-0.7763184987857779,-0.5022919735827684,0.8041112456846411,1.7289476026028898,-0.3149338154897404,2.0897165302048446,0.7120164122534228
0.0,-0.35808941894107776,0.008424691656427995,2.1901581672786987,-1.7361483700505969,2.3200895216461936,-2.3200895216461928,2.759782338525133,-0.521680734492186,-0.46092864993052324,0.7940891333010198,-0.9253479034316923,1.2269800267637583,-1.6582654326015314,-0.2822432587775047,0.07105543399250784,1.2006021304690626,-0.8446978546485364,0.7839852654379047,2.325955642172379,2.5254951213055854,-0.6190902203481943,-1.6126223784023237,-2.167949154915089,0.8945911642209313,-0.8075977040064971,0.350921694706549,0.33620680277605636,1.379792157661976,-0.8034942206313018,-1.7400774864840363,0.27044716351029024,-0.5207517998072982,0.00020324725968009203,2.001012411189543,-1.0549295761075266,0.6898497455010574,-0.20661529754929928,-0.6290976764016629,-1.1232409751389947,-0.34847377741631325,-0.6725492442679737,0.29281224848664894,-0.7634071585620196,0.24643211204521906,-0.2856536700826777,1.4566628929646988,-0.39194767146243636,-0.30966176864266615,-1.5781287138751485,-0.5716725051808857,-0.16012815380508713,3.712491590778232,-0.648554890931044,-1.4448549332595704,-0.5413946885240514,1.5505209640822277,-0.911483974756604,1.279167727436467,-0.9255342732523074,1.2015396878224363,-0.6727458038087416,0.9467775287546734,2.1722879210942776,2.9701730545032294,0.8796075188897279,0.08811132046969085,2.2542782202800113,4.567486736836643,0.4763613267095093,-0.8130932109142461,-0.6549505261380968,0.69712865353789,-0.8452199089262212,-0.7438026899104839,-0.5805058007225344,-1.1548052177063493,-1.3571699170871856,-1.985423317969212,-1.0083620856070368,-0.39927470475234533,-0.9075044536149697,-1.3934992525089367,2.5355683634243174,0.3525617304264587,-1.0337859204382358,-0.7192155650692812,-1.128344069573815,-0.21603158562266953,-0.30523636263991905
0.0,-1.6932293041153428,0.008424691656427995,-1.070419254399765,1.9198579740198718,-1.1247603674189983,1.1247603674189983,-1.0480647836803847,-1.2574033512340705,-1.4398168261449162,-2.1783091899607703,1.7570157553320696,-0.9543846949495196,-0.1506331956189426,-1.7377513468389079,-0.44571135868027706,-1.0589605219778861,1.658366485674451,-0.5092736878479067,-1.3535160625942373,-0.2421489634852977,-0.6190902203481943,1.7933265654004868,-0.3486194339169915,-0.9402728640980067,2.242688104401001,-1.1801584477397846,-0.7393624931512592,-1.1875066288617346,-0.8034942206313018,-0.6349861551253058,0.27044716351029024,-0.5207517998072982,2.656569654515712,-1.5249816359189583,-1.0549295761075266,1.8903335685603917,-0.20661529754929928,-0.6290976764016629,-1.1232409751389947,-1.3105249697954193,2.3171797445537785,-1.323404751089636,1.8350685480258309,-0.9138520044026233,-1.3747395216776217,-1.2538791421088478,-0.39194767146243636,-0.30966176864266615,0.7169339552590924,-0.5716725051808857,-0.16012815380508713,-0.41259646939878314,-0.648554890931044,2.407916897840202,-0.5413946885240514,-0.6646569357220442,1.2978099252602269,-0.9949426027419808,1.2201986312242445,-0.07989343228419918,-0.6727458038087416,-0.9710519945847689,-1.1383260927744085,-0.7428194340123639,-0.7567422364446674,0.872864229943182,-0.7021082929699173,-0.41525173426895756,-0.7526617577238643,0.9450430719827936,-0.6549505261380968,-1.1937929360724986,0.8453348344696201,-0.7438026899104839,1.530685419390582,1.1545696473358924,1.957718750139443,-0.8666018017258531,0.1279837500491801,-0.39927470475234533,0.2828643111695687,0.6518447285406318,-0.7763184987857779,-1.3577272107239748,0.8041112456846411,1.7289476026028898,1.3113337285355913,2.0897165302048446,1.7296150738434304
0.0,-2.0246801147704923,-0.670296946016374,1.3209752971673996,0.380132384015249,0.9408635744609694,-0.9408635744609685,0.8757680196456231,0.9675642397192142,1.0286837921348602,-1.4350814222243609,-0.3889492087658503,0.6817329193353401,-1.1558369341222832,-1.009997302808206,-0.9628347882010072,1.2006021304690626,0.15638970514390335,-0.5092736878479067,1.2745225744426183,0.6802929637975061,2.5262098452581507,-0.3353180824169329,-0.9549231978834688,1.5060718397117643,0.3015797411909854,-1.1801584477397846,-0.7393624931512592,-0.5454636987399429,0.15576550837707448,-0.6349861551253058,-1.274140179459423,1.2907729807455666,0.00020324725968009203,-0.11467992334638888,1.3909344023173573,-0.5098179770667338,0.827208426732605,-0.6290976764016629,-0.16705609410342684,-1.3105249697954193,0.07462886072488167,-0.515021477925163,-0.7634071585620196,0.24643211204521906,-0.2856536700826777,-1.2538791421088478,-0.39194767146243636,-0.30966176864266615,-0.4302071952432312,1.1223852206875329,-0.16012815380508713,-0.41259646939878314,1.08108159469569,-0.6740909779287169,-0.5413946885240514,0.44330861701922897,1.2978099252602269,-0.9949426027419808,0.14769697546751853,1.2015396878224363,-0.6727458038087416,-0.011811182333045038,0.5175437523125814,1.1143080568432764,2.514844867864276,-0.6961081064004871,1.2685926896837634,-0.41525173426895756,1.70454890938596,2.7019841568629075,-0.6549505261380968,1.6429109243018758,0.8453348344696201,0.7077362399536292,-0.5805058007225344,1.1545696473358924,-1.3571699170871856,0.25145912885044697,-1.0083620856070368,-0.39927470475234533,-0.9075044536149697,-0.3704795326436135,0.05193474404167029,2.0628506715768924,0.8041112456846411,-0.7192155650692812,-0.3149338154897404,2.0897165302048446,-0.30523636263991905
0.0,-1.0256593615282101,2.720938089768359,-0.8542651956330323,-0.19776987155079032,0.9408635744609694,-0.9408635744609685,0.8757680196456231,1.0654628137211613,1.1393407164025813,0.4226034363537772,0.6838481805658335,-2.044878909806356,-0.653408435643035,-0.2822432587775047,3.1720128268771624,0.07043109009373473,1.157822705778231,-0.5092736878479067,-0.3020829948644768,-0.7033699271266997,-0.6190902203481943,-1.1866584342489621,0.25768433004948593,0.8945911642209313,-0.2531046496365981,0.350921694706549,2.486614212240526,-0.5454636987399429,-0.8034942206313018,0.469353924478592,0.27044716351029024,-0.5207517998072982,0.8854579783107721,-0.8195910139555955,0.16841823493055733,-1.7103018001260681,-1.2411423032762936,-1.3920253695387932,-1.1232409751389947,1.5749745956543533,0.07462886072488167,1.101195521651122,-0.7634071585620196,-0.9138520044026233,-0.2856536700826777,0.10185269522307577,3.1911909892599626,3.2293298729878037,1.8648554738910097,-0.5716725051808857,-0.16012815380508713,-0.41259646939878314,1.08108159469569,0.0961490046248891,-0.5413946885240514,1.5505209640822277,1.2978099252602269,-0.23707767747280864,0.14769697546751853,-1.3621982756017916,0.7072215180225199,-0.011811182333045038,0.5175437523125814,-0.7428194340123639,-0.7567422364446674,0.08811132046969085,-0.7021082929699173,-0.41525173426895756,-0.7526617577238643,-0.8130932109142461,1.7816700707717326,-1.1937929360724986,-0.8452199089262212,-0.7438026899104839,-0.5805058007225344,-1.1548052177063493,-0.5281659678368675,-1.985423317969212,2.399902922493051,-0.39927470475234533,0.2828643111695687,0.6518447285406318,0.05193474404167029,0.3525617304264587,0.8041112456846411,-0.7192155650692812,0.4979234744515167,-0.21603158562266953,-0.8136898067382572
0.0,0.3094805236460535,-0.330936127179973,1.7563278380637775,-1.5448613763667332,1.630476548053581,-1.630476548053581,1.7370472928102865,-0.36148306794354723,-0.3247355123702554,0.7940891333010198,-0.3889492087658503,1.2269800267637583,-1.1558369341222832,0.4460130309702642,-0.44571135868027706,0.07043109009373473,-0.3441540747523166,0.7839852654379047,1.8004204524033471,2.064274157664184,-1.405822167067049,-1.6126223784023237,-1.5616453909486119,0.8945911642209313,-0.8075977040064971,0.350921694706549,0.33620680277605636,1.379792157661976,-0.8034942206313018,-0.6349861551253058,0.27044716351029024,-0.5207517998072982,0.00020324725968009203,2.001012411189543,-1.0549295761075266,0.6898497455010574,-1.2411423032762936,-0.6290976764016629,-0.16705609410342684,-0.34847377741631325,-0.6725492442679737,0.29281224848664894,0.5362724621080682,0.24643211204521906,-0.2856536700826777,1.4566628929646988,-0.39194767146243636,-0.30966176864266615,-1.5781287138751485,-0.5716725051808857,-0.16012815380508713,1.6506488677383777,-0.648554890931044,-1.4448549332595704,-0.5413946885240514,2.658486516823501,-0.911483974756604,1.279167727436467,-0.9255342732523074,1.2015396878224363,-0.6727458038087416,0.9467775287546734,0.5175437523125814,1.1143080568432764,2.514844867864276,0.08811132046969085,2.2542782202800113,2.9061974596389235,0.4763613267095093,-0.8130932109142461,-0.6549505261380968,-0.24801066530851296,-0.8452199089262212,-0.7438026899104839,-0.5805058007225344,-1.1548052177063493,-1.3571699170871856,-0.8666018017258531,-1.0083620856070368,-0.39927470475234533,-0.9075044536149697,-1.3934992525089367,1.7078781751467178,1.2079969675676652,-1.0337859204382358,-0.7192155650692812,-1.128344069573815,-0.21603158562266953,-0.30523636263991905
0.0,-0.6918743902346446,0.6871463293292294,-1.7234480657443312,1.5345898036425119,-1.3546313586165353,1.3546313586165353,-1.2177024365962874,-1.9397267457930822,-1.6100582480952463,-0.6921100283298751,1.2206170606662274,-1.4996318023779378,0.35179530286030575,-0.2822432587775047,0.07105543399250784,-1.0589605219778861,1.658366485674451,-1.8020865359411393,-1.3535160625942373,-0.7033699271266997,-0.6190902203481943,1.3676563894844727,1.470710287081106,-1.5517535395888395,1.1335106592035185,0.350921694706549,-0.7393624931512592,-1.1875066288617346,0.15576550837707448,0.469353924478592,1.8139844810938917,-0.5207517998072982,0.8854579783107721,-0.8195910139555955,-1.0549295761075266,-0.5098179770667338,-0.20661529754929928,1.658648111788603,-0.16705609410342684,-1.3105249697954193,0.07462886072488167,-1.323404751089636,1.8350685480258309,0.24643211204521906,-0.2856536700826777,-1.2538791421088478,-0.39194767146243636,-0.30966176864266615,1.8648554738910097,-0.5716725051808857,-0.16012815380508713,-0.41259646939878314,-0.648554890931044,-0.6740909779287169,2.2526246647538337,0.44330861701922897,2.4028324777677956,-1.7533230823820845,0.14769697546751853,-1.3621982756017916,0.7072215180225199,-0.9710519945847689,-1.1383260927744085,-0.7428194340123639,-0.7567422364446674,-0.6961081064004871,-0.7021082929699173,-0.41525173426895756,0.4763613267095093,0.9450430719827936,-0.6549505261380968,-0.24801066530851296,-0.8452199089262212,2.158288399641084,1.530685419390582,0.0002748320988659612,0.30027441652612874,1.3702806450938059,0.1279837500491801,-0.39927470475234533,1.4724238517768231,-0.3704795326436135,-0.7763184987857779,-0.5022919735827684,-1.0337859204382358,1.7289476026028898,1.3113337285355913,-1.3692976442361595,0.7120164122534228
0.0,0.9747163055947697,-1.007284612273499,0.01643988615972289,-0.005135786362110777,-0.6666258744728581,0.6666258744728581,-0.6869711302066628,-0.1894189075764923,-0.18854237480999703,0.05111773940653423,-0.3889492087658503,0.6817329193353401,1.356652299818802,0.4460130309702642,-0.44571135868027706,0.07043109009373473,-1.3455870753866446,0.7839852654379047,-0.8279808728252056,-0.2421489634852977,0.16709915261430253,0.09035209349908155,0.25768433004948593,-0.32879218860717374,0.024333214006035893,-1.1801584477397846,0.33620680277605636,0.09614276440012078,2.0749375240326087,0.469353924478592,-1.274140179459423,1.2907729807455666,-0.8856536978941679,-0.11467992334638888,0.16841823493055733,0.6898497455010574,0.827208426732605,0.13331137112490488,0.7884787632196761,-0.34847377741631325,1.5694933551357577,1.101195521651122,-0.7634071585620196,0.24643211204521906,-0.2856536700826777,0.10185269522307577,-0.39194767146243636,-0.30966176864266615,-0.4302071952432312,1.1223852206875329,-0.16012815380508713,-0.41259646939878314,-0.648554890931044,-0.6740909779287169,-0.5413946885240514,-0.6646569357220442,-0.911483974756604,0.521302802167295,0.14769697546751853,-0.07989343228419918,0.7072215180225199,-0.011811182333045038,-1.1383260927744085,-0.7428194340123639,-0.7567422364446674,0.872864229943182,-0.7021082929699173,-0.41525173426895756,-0.7526617577238643,2.7019841568629075,-0.6549505261380968,-0.24801066530851296,-0.8452199089262212,0.7077362399536292,-0.5805058007225344,1.1545696473358924,-0.5281659678368675,0.25145912885044697,1.2635570868368338,-0.39927470475234533,-0.9075044536149697,-0.3704795326436135,-0.7763184987857779,-0.5022919735827684,0.8041112456846411,-0.7192155650692812,0.4979234744515167,0.9364504715913549,-0.30523636263991905
0.0,-0.024304447647512134,-0.670296946016374,-0.41891265473665446,0.7654005543926089,-0.8948893762214615,0.8948893762214615,-0.8718816264719067,0.024177981155019426,0.058307687017982515,0.05111773940653423,-0.3889492087658503,-0.4091375875211017,0.8542238013395541,-1.009997302808206,-0.9628347882010072,0.07043109009373473,0.656933485040123,-0.5092736878479067,-0.8279808728252056,-0.7033699271266997,0.9532885255767996,0.5163160376524433,1.470710287081106,0.282688486883659,0.024333214006035893,0.8610503913058486,-0.7393624931512592,-0.5454636987399429,0.15576550837707448,0.469353924478592,0.27044716351029024,-0.5207517998072982,-0.8856536978941679,-0.8195910139555955,0.16841823493055733,-0.5098179770667338,0.827208426732605,0.8962390642620351,-0.16705609410342684,0.6129234032752473,0.07462886072488167,-1.323404751089636,0.5362724621080682,0.24643211204521906,-0.2856536700826777,-1.2538791421088478,-0.39194767146243636,-0.30966176864266615,-0.4302071952432312,1.1223852206875329,-0.16012815380508713,-0.41259646939878314,-0.648554890931044,0.0961490046248891,2.2526246647538337,-0.6646569357220442,0.19353857775096445,-0.23707767747280864,0.14769697546751853,-1.3621982756017916,0.7072215180225199,-0.9710519945847689,-1.1383260927744085,-0.7428194340123639,0.8796075188897279,-1.4808610158739783,-0.7021082929699173,-0.41525173426895756,1.70454890938596,0.9450430719827936,0.563774022673314,0.69712865353789,-0.8452199089262212,0.7077362399536292,-0.5805058007225344,1.1545696473358924,0.30027441652612874,0.25145912885044697,-1.0083620856070368,2.504541329810166,2.662792616561362,1.674864448405955,-0.7763184987857779,-0.5022919735827684,-1.0337859204382358,-0.7192155650692812,0.4979234744515167,-0.21603158562266953,0.20356296815508473
0.0,0.9747163055947697,-0.670296946016374,-0.6365889251848433,0.380132384015249,-1.1247603674189983,1.1247603674189983,-1.0480647836803847,-0.5187141110375819,-0.5290252187106571,0.7940891333010198,-0.9253479034316923,-0.9543846949495196,1.8594275398428948,0.4460130309702642,-0.44571135868027706,0.07043109009373473,-0.8446978546485364,-0.5092736878479067,-0.3020829948644768,-0.7033699271266997,0.16709915261430253,0.5163160376524433,0.863988094015963,0.282688486883659,-0.2531046496365981,0.8610503913058486,-0.7393624931512592,0.09614276440012078,0.15576550837707448,-0.6349861551253058,0.27044716351029024,-0.5207517998072982,-0.8856536978941679,0.5907106986169739,0.16841823493055733,-1.7103018001260681,-1.2411423032762936,1.658648111788603,1.7446636442552441,0.6129234032752473,-0.6725492442679737,-0.515021477925163,0.5362724621080682,-0.9138520044026233,1.8917776620320266,0.10185269522307577,-0.39194767146243636,-0.30966176864266615,-0.4302071952432312,-0.5716725051808857,-0.16012815380508713,-0.41259646939878314,1.08108159469569,-0.6740909779287169,-0.5413946885240514,-0.6646569357220442,0.19353857775096445,0.521302802167295,-0.9255342732523074,-1.3621982756017916,0.7072215180225199,-0.011811182333045038,-1.1383260927744085,1.1143080568432764,-0.7567422364446674,-1.4808610158739783,0.2835772376263305,-0.41525173426895756,0.4763613267095093,-0.8130932109142461,0.563774022673314,-0.24801066530851296,0.8453348344696201,0.7077362399536292,-0.5805058007225344,0.0002748320988659612,1.129278365776447,1.3702806450938059,0.1279837500491801,-0.39927470475234533,0.2828643111695687,0.6518447285406318,-0.7763184987857779,0.3525617304264587,0.8041112456846411,0.5052822314780715,-0.3149338154897404,-0.21603158562266953,-0.30523636263991905
0.0,0.3094805236460535,0.34778551049282896,0.23411615660791177,-0.581690950423334,0.4827290815148283,-0.4827290815148283,0.3734005651904906,1.2553267148158405,1.1733890007926435,0.05111773940653423,-0.3889492087658503,0.13648581190692188,0.8542238013395541,1.9015211190316677,0.07105543399250784,-1.0589605219778861,-0.8446978546485364,-0.5092736878479067,0.7489873846735868,0.6802929637975061,-0.6190902203481943,-0.3353180824169329,-0.3486194339169915,0.282688486883659,-0.5303511768215475,-0.6696827248162676,-0.7393624931512592,0.7381856945219125,1.1156777950242323,0.469353924478592,0.27044716351029024,-0.5207517998072982,-0.8856536978941679,-0.11467992334638888,-1.0549295761075266,0.6898497455010574,0.827208426732605,-0.6290976764016629,1.7446636442552441,0.6129234032752473,0.07462886072488167,1.101195521651122,0.5362724621080682,0.24643211204521906,0.8026918104370826,-1.2538791421088478,0.5041415787794284,-0.30966176864266615,-0.4302071952432312,-0.5716725051808857,-0.16012815380508713,-0.41259646939878314,-0.648554890931044,0.0961490046248891,-0.5413946885240514,-0.6646569357220442,-0.911483974756604,0.521302802167295,-0.9255342732523074,-0.07989343228419918,-0.6727458038087416,1.9060183410063973,0.5175437523125814,-0.7428194340123639,-0.7567422364446674,0.872864229943182,1.2685926896837634,-0.41525173426895756,-0.7526617577238643,-0.8130932109142461,-0.6549505261380968,0.69712865353789,-0.8452199089262212,-0.7438026899104839,0.47473088529116186,-1.1548052177063493,0.30027441652612874,0.25145912885044697,-1.0083620856070368,-0.39927470475234533,0.2828643111695687,-1.3934992525089367,0.8796249323192696,1.2079969675676652,-1.0337859204382358,0.5052822314780715,-1.128344069573815,-0.21603158562266953,-0.30523636263991905
0.0,0.9747163055947697,-1.3466454311099,1.3209752971673996,-0.9669591208006934,0.4827290815148283,-0.4827290815148283,0.3734005651904906,-0.8391094441348528,-0.741826996148565,1.1658312040901866,-1.462116783532086,0.6817329193353401,0.8542238013395541,-0.2822432587775047,-0.44571135868027706,0.07043109009373473,-1.3455870753866446,2.0767981135311366,0.7489873846735868,1.1418322303813797,-0.6190902203481943,-1.1866584342489621,-0.9549231978834688,1.5060718397117643,-1.0848442311914466,-0.15955402821696796,-0.7393624931512592,2.0218350877837676,1.1156777950242323,-1.7400774864840363,0.27044716351029024,-0.5207517998072982,-0.8856536978941679,0.5907106986169739,-1.0549295761075266,0.6898497455010574,0.827208426732605,-0.6290976764016629,0.7884787632196761,1.5749745956543533,0.07462886072488167,1.101195521651122,-0.7634071585620196,-2.0749254297732196,0.8026918104370826,0.10185269522307577,-0.39194767146243636,-0.30966176864266615,-0.4302071952432312,-0.5716725051808857,-0.16012815380508713,1.6506488677383777,-0.648554890931044,-0.6740909779287169,-0.5413946885240514,-0.6646569357220442,-0.911483974756604,2.0375482070765707,-0.9255342732523074,1.2015396878224363,0.7072215180225199,0.9467775287546734,0.5175437523125814,1.1143080568432764,-0.7567422364446674,1.65708365681336,1.2685926896837634,-0.41525173426895756,-0.7526617577238643,-0.8130932109142461,-0.6549505261380968,0.69712865353789,-0.8452199089262212,-0.7438026899104839,-0.5805058007225344,-1.1548052177063493,-0.5281659678368675,0.25145912885044697,-1.0083620856070368,-0.39927470475234533,-0.9075044536149697,0.6518447285406318,0.8796249323192696,1.2079969675676652,-1.0337859204382358,-0.7192155650692812,-1.128344069573815,-0.21603158562266953,-1.3224891375332608
0.0,0.9747163055947697,-1.007284612273499,1.3209752971673996,-1.1595932059893732,0.7126000727123661,-0.7126000727123653,0.6183115174710062,-0.625512555403341,-0.6056338585883067,1.1658312040901866,-1.462116783532086,1.2269800267637583,0.35179530286030575,0.4460130309702642,-0.44571135868027706,0.07043109009373473,-1.3455870753866446,1.430391689484521,1.2745225744426183,1.1418322303813797,-0.6190902203481943,-1.1866584342489621,-0.9549231978834688,0.8945911642209313,-1.0848442311914466,-0.15955402821696796,-0.7393624931512592,2.0218350877837676,1.1156777950242323,-1.7400774864840363,0.27044716351029024,-0.5207517998072982,-0.8856536978941679,1.2956217892261805,-1.0549295761075266,0.6898497455010574,0.827208426732605,-0.6290976764016629,0.7884787632196761,0.6129234032752473,0.07462886072488167,1.101195521651122,-0.7634071585620196,-0.9138520044026233,0.8026918104370826,0.10185269522307577,-0.39194767146243636,-0.30966176864266615,-0.4302071952432312,-0.5716725051808857,-0.16012815380508713,1.6506488677383777,-0.648554890931044,-0.6740909779287169,-0.5413946885240514,-0.6646569357220442,-0.911483974756604,2.0375482070765707,-0.9255342732523074,1.2015396878224363,-0.6727458038087416,1.9060183410063973,0.5175437523125814,1.1143080568432764,-0.7567422364446674,1.65708365681336,1.2685926896837634,-0.41525173426895756,-0.7526617577238643,-0.8130932109142461,-0.6549505261380968,0.69712865353789,-0.8452199089262212,-0.7438026899104839,-0.5805058007225344,-1.1548052177063493,-0.5281659678368675,0.25145912885044697,-1.0083620856070368,-0.39927470475234533,-0.9075044536149697,-1.3934992525089367,1.7078781751467178,1.2079969675676652,-1.0337859204382358,-0.7192155650692812,-1.128344069573815,-0.21603158562266953,-1.3224891375332608
0.0,0.9747163055947697,0.008424691656427995,-0.41891265473665446,-0.19776987155079032,-0.43675488327532036,0.43675488327532125,-0.4944242122667476,0.34753993770690095,0.22854910896831257,0.05111773940653423,-0.3889492087658503,1.2269800267637583,0.8542238013395541,1.1737670750009659,0.07105543399250784,-1.0589605219778861,-0.3441540747523166,0.7839852654379047,-0.3020829948644768,-1.164909193710573,0.16709915261430253,0.09035209349908155,0.863988094015963,-0.32879218860717374,-0.8075977040064971,-0.6696827248162676,0.33620680277605636,1.379792157661976,-0.8034942206313018,0.469353924478592,-1.274140179459423,-0.5207517998072982,0.00020324725968009203,1.2956217892261805,0.16841823493055733,-0.5098179770667338,0.827208426732605,0.8962390642620351,0.7884787632196761,1.5749745956543533,-1.4202356336859945,1.101195521651122,-0.7634071585620196,-0.9138520044026233,1.8917776620320266,1.4566628929646988,-0.39194767146243636,-0.30966176864266615,-0.4302071952432312,-0.5716725051808857,-0.16012815380508713,-0.41259646939878314,-0.648554890931044,0.0961490046248891,0.856089999905656,-0.6646569357220442,-0.911483974756604,0.521302802167295,0.14769697546751853,-0.07989343228419918,0.7072215180225199,-0.011811182333045038,0.5175437523125814,-0.7428194340123639,-0.7567422364446674,-0.6961081064004871,-0.7021082929699173,-0.41525173426895756,-0.7526617577238643,-0.8130932109142461,0.563774022673314,-0.24801066530851296,0.8453348344696201,-0.7438026899104839,-0.5805058007225344,1.1545696473358924,0.30027441652612874,0.25145912885044697,1.2635570868368338,-0.39927470475234533,0.2828643111695687,0.6518447285406318,0.05193474404167029,-1.3577272107239748,0.8041112456846411,-0.7192155650692812,-0.3149338154897404,-1.3692976442361595,-0.8136898067382572
0.0,0.3094805236460535,-1.007284612273499,0.4517924270561007,-0.005135786362110777,-0.20688389207778343,0.20688389207778252,-0.29260449657901766,0.35940643152531715,0.4413508864062299,1.5373169010374295,-0.9253479034316923,-0.4091375875211017,-0.653408435643035,-1.7377513468389079,-0.9628347882010072,0.07043109009373473,0.656933485040123,0.7839852654379047,-0.8279808728252056,0.6802929637975061,0.9532885255767996,-0.7609882583329476,1.470710287081106,0.8945911642209313,-0.5303511768215475,2.3921305337521823,-0.7393624931512592,-0.5454636987399429,0.15576550837707448,-0.6349861551253058,0.27044716351029024,-0.5207517998072982,-0.8856536978941679,-0.8195910139555955,0.16841823493055733,-0.5098179770667338,0.827208426732605,-0.6290976764016629,-0.16705609410342684,0.6129234032752473,-0.6725492442679737,-1.323404751089636,0.5362724621080682,-0.9138520044026233,-0.2856536700826777,-1.2538791421088478,-0.39194767146243636,-0.30966176864266615,-0.4302071952432312,1.1223852206875329,-0.16012815380508713,-0.41259646939878314,-0.648554890931044,-0.6740909779287169,2.2526246647538337,0.44330861701922897,0.19353857775096445,0.521302802167295,0.14769697546751853,-0.07989343228419918,0.7072215180225199,-0.9710519945847689,-1.1383260927744085,-0.7428194340123639,0.8796075188897279,0.08811132046969085,-0.7021082929699173,1.2460375429287622,1.70454890938596,0.9450430719827936,0.563774022673314,0.69712865353789,-0.8452199089262212,0.7077362399536292,-1.6364603348219546,1.1545696473358924,-1.3571699170871856,0.25145912885044697,-1.0083620856070368,2.504541329810166,2.662792616561362,1.674864448405955,-0.7763184987857779,1.2079969675676652,-1.0337859204382358,-0.7192155650692812,-0.3149338154897404,-0.21603158562266953,-0.30523636263991905
0.0,0.9747163055947697,-0.330936127179973,0.01643988615972289,-0.38905686523465405,-0.20688389207778343,0.20688389207778252,-0.29260449657901766,0.4157722771628008,0.30515774884596203,0.05111773940653423,-0.3889492087658503,1.7722271341921758,0.35179530286030575,1.1737670750009659,-0.44571135868027706,0.07043109009373473,-0.8446978546485364,0.7839852654379047,-0.3020829948644768,-0.2421489634852977,-0.6190902203481943,0.09035209349908155,0.25768433004948593,-1.5517535395888395,0.024333214006035893,-1.1801584477397846,0.33620680277605636,0.09614276440012078,2.0749375240326087,0.469353924478592,-1.274140179459423,1.2907729807455666,-0.8856536978941679,0.5907106986169739,1.3909344023173573,0.6898497455010574,-0.20661529754929928,0.13331137112490488,-0.16705609410342684,-1.3105249697954193,1.5694933551357577,1.101195521651122,-0.7634071585620196,1.4075055374158152,-0.2856536700826777,0.10185269522307577,-0.39194767146243636,-0.30966176864266615,-0.4302071952432312,1.1223852206875329,-0.16012815380508713,-0.41259646939878314,-0.648554890931044,0.0961490046248891,-0.5413946885240514,-0.6646569357220442,-0.911483974756604,0.521302802167295,0.14769697546751853,-0.07989343228419918,0.7072215180225199,-0.011811182333045038,-1.1383260927744085,-0.7428194340123639,0.8796075188897279,0.872864229943182,-0.7021082929699173,-0.41525173426895756,-0.7526617577238643,0.9450430719827936,-0.6549505261380968,-0.24801066530851296,-0.8452199089262212,0.7077362399536292,-0.5805058007225344,2.309649697141108,-1.3571699170871856,0.25145912885044697,1.2635570868368338,-0.39927470475234533,-0.9075044536149697,-1.3934992525089367,-0.7763184987857779,-0.5022919735827684,0.8041112456846411,-0.7192155650692812,1.3113337285355913,-0.21603158562266953,-0.30523636263991905
0.0,-0.6918743902346446,-0.670296946016374,0.4517924270561007,0.380132384015249,0.022987099119754408,-0.022987099119754408,-0.08096652445242562,0.9675642397192142,1.0286837921348602,0.05111773940653423,-0.3889492087658503,0.13648581190692188,-0.653408435643035,-1.009997302808206,-0.9628347882010072,0.07043109009373473,0.656933485040123,0.13757884139128826,-0.8279808728252056,0.21907200015610437,1.7394778985392962,-0.3353180824169329,1.470710287081106,0.8945911642209313,-0.2531046496365981,0.8610503913058486,-0.7393624931512592,-0.5454636987399429,0.15576550837707448,0.469353924478592,0.27044716351029024,-0.5207517998072982,-0.8856536978941679,-0.8195910139555955,0.16841823493055733,-0.5098179770667338,1.8617354324595992,-0.6290976764016629,-0.16705609410342684,0.6129234032752473,-0.6725492442679737,-1.323404751089636,0.5362724621080682,0.24643211204521906,-0.2856536700826777,-1.2538791421088478,-0.39194767146243636,-0.30966176864266615,-0.4302071952432312,1.1223852206875329,-0.16012815380508713,-0.41259646939878314,-0.648554890931044,0.0961490046248891,2.2526246647538337,-0.6646569357220442,0.19353857775096445,-0.23707767747280864,0.14769697546751853,-0.07989343228419918,0.7072215180225199,-0.9710519945847689,-1.1383260927744085,-0.7428194340123639,0.8796075188897279,-0.6961081064004871,-0.7021082929699173,-0.41525173426895756,1.70454890938596,0.9450430719827936,0.563774022673314,1.6429109243018758,-0.8452199089262212,0.7077362399536292,-0.5805058007225344,1.1545696473358924,-1.3571699170871856,0.25145912885044697,-1.0083620856070368,2.504541329810166,2.662792616561362,1.674864448405955,-0.7763184987857779,1.2079969675676652,-1.0337859204382358,-0.7192155650692812,0.4979234744515167,-0.21603158562266953,-0.30523636263991905
0.0,-1.6932293041153428,0.008424691656427995,-1.070419254399765,1.9198579740198718,-1.1247603674189983,1.1247603674189983,-1.0480647836803847,-1.2574033512340705,-1.4398168261449162,-2.1783091899607703,1.2206170606662274,-0.4091375875211017,-0.653408435643035,-1.7377513468389079,-0.44571135868027706,0.07043109009373473,1.658366485674451,-1.1556801118945228,-0.8279808728252056,-0.2421489634852977,-0.6190902203481943,1.7933265654004868,0.25768433004948593,-2.1636562169261118,2.5199346315859503,-1.1801584477397846,-0.7393624931512592,-1.1875066288617346,-0.8034942206313018,0.469353924478592,0.27044716351029024,-0.5207517998072982,1.7713149234646202,-1.5249816359189583,0.16841823493055733,1.8903335685603917,-0.20661529754929928,-0.6290976764016629,-1.1232409751389947,-1.3105249697954193,1.5694933551357577,-1.323404751089636,1.8350685480258309,-0.9138520044026233,-1.3747395216776217,-1.2538791421088478,-0.39194767146243636,-0.30966176864266615,0.7169339552590924,-0.5716725051808857,-0.16012815380508713,-0.41259646939878314,1.08108159469569,3.1786808531710555,-0.5413946885240514,-0.6646569357220442,0.19353857775096445,-0.9949426027419808,0.14769697546751853,-0.07989343228419918,-0.6727458038087416,-0.9710519945847689,-1.1383260927744085,1.1143080568432764,-0.7567422364446674,0.872864229943182,-0.7021082929699173,-0.41525173426895756,-0.7526617577238643,-0.8130932109142461,-0.6549505261380968,-1.1937929360724986,2.5347403224314733,-0.7438026899104839,1.530685419390582,1.1545696473358924,1.129278365776447,-0.8666018017258531,0.1279837500491801,-0.39927470475234533,1.4724238517768231,-0.3704795326436135,-0.7763184987857779,-1.3577272107239748,-1.0337859204382358,1.7289476026028898,2.124191018476848,-0.21603158562266953,2.7468678487367724
0.0,-0.35808941894107776,0.6871463293292294,-1.070419254399765,0.7654005543926089,-0.6666258744728581,0.6666258744728581,-0.6869711302066628,0.13987629588459075,0.22854910896831257,-1.063595725277118,1.7570157553320696,-0.4091375875211017,-0.653408435643035,-0.2822432587775047,0.07105543399250784,0.07043109009373473,1.157822705778231,-0.5092736878479067,-0.8279808728252056,-0.7033699271266997,-0.6190902203481943,1.3676563894844727,-0.3486194339169915,-1.5517535395888395,1.1335106592035185,-0.15955402821696796,-0.7393624931512592,-0.5454636987399429,-0.8034942206313018,1.5744452558373225,0.27044716351029024,-0.5207517998072982,1.7713149234646202,-0.8195910139555955,0.16841823493055733,0.6898497455010574,-0.20661529754929928,-0.6290976764016629,-0.16705609410342684,-1.3105249697954193,0.8223152501429024,-0.515021477925163,0.5362724621080682,0.24643211204521906,-1.3747395216776217,0.10185269522307577,-0.39194767146243636,-0.30966176864266615,0.7169339552590924,-0.5716725051808857,-0.16012815380508713,-0.41259646939878314,1.08108159469569,1.6371529425093485,-0.5413946885240514,-0.6646569357220442,1.2978099252602269,-0.9949426027419808,2.2934298799440707,-0.07989343228419918,-2.053651878920161,-0.9710519945847689,0.5175437523125814,-0.7428194340123639,-0.7567422364446674,0.08811132046969085,-0.7021082929699173,-0.41525173426895756,-0.7526617577238643,0.9450430719827936,-0.6549505261380968,-1.1937929360724986,0.8453348344696201,-0.7438026899104839,1.530685419390582,0.0002748320988659612,1.957718750139443,-0.8666018017258531,0.1279837500491801,2.504541329810166,-0.9075044536149697,0.6518447285406318,-0.7763184987857779,-1.3577272107239748,-1.0337859204382358,1.7289476026028898,0.4979234744515167,0.9364504715913549,0.7120164122534228
0.0,1.6422862481819023,-0.670296946016374,-0.6365889251848433,-0.005135786362110777,-1.1247603674189983,1.1247603674189983,-1.0480647836803847,-0.8865754194085242,-1.0227253423666067,1.5373169010374295,-0.9253479034316923,-0.9543846949495196,1.8594275398428948,0.4460130309702642,-0.44571135868027706,0.07043109009373473,-0.8446978546485364,-0.5092736878479067,-0.3020829948644768,-0.7033699271266997,0.16709915261430253,0.5163160376524433,0.25768433004948593,0.282688486883659,-0.5303511768215475,1.8820018371528826,-0.7393624931512592,0.09614276440012078,0.15576550837707448,-0.6349861551253058,0.27044716351029024,-0.5207517998072982,-0.8856536978941679,0.5907106986169739,0.16841823493055733,-1.7103018001260681,-1.2411423032762936,1.658648111788603,0.7884787632196761,0.6129234032752473,0.07462886072488167,-0.515021477925163,0.5362724621080682,-0.9138520044026233,1.8917776620320266,0.10185269522307577,-0.39194767146243636,-0.30966176864266615,-0.4302071952432312,-0.5716725051808857,-0.16012815380508713,-0.41259646939878314,1.08108159469569,-0.6740909779287169,-0.5413946885240514,0.44330861701922897,-0.911483974756604,0.521302802167295,-0.9255342732523074,-1.3621982756017916,0.7072215180225199,-0.011811182333045038,-1.1383260927744085,1.1143080568432764,-0.7567422364446674,-1.4808610158739783,0.2835772376263305,-0.41525173426895756,0.4763613267095093,-0.8130932109142461,0.563774022673314,-0.24801066530851296,0.8453348344696201,0.7077362399536292,-0.5805058007225344,0.0002748320988659612,1.129278365776447,1.3702806450938059,0.1279837500491801,-0.39927470475234533,-0.9075044536149697,0.6518447285406318,-0.7763184987857779,0.3525617304264587,0.8041112456846411,0.5052822314780715,-0.3149338154897404,-0.21603158562266953,-0.8136898067382572
0.0,0.6409313343012027,0.34778551049282896,0.23411615660791177,-0.7743250356120138,0.4827290815148283,-0.4827290815148283,0.3734005651904906,0.9734974866284224,0.85844237018453,0.05111773940653423,0.14744948589999174,0.6817329193353401,0.35179530286030575,1.9015211190316677,0.5878222266652928,-1.0589605219778861,-0.8446978546485364,-0.5092736878479067,0.22345219490455492,0.6802929637975061,-0.6190902203481943,-0.3353180824169329,-0.3486194339169915,-0.32879218860717374,-0.5303511768215475,-0.6696827248162676,-0.7393624931512592,0.7381856945219125,1.1156777950242323,0.469353924478592,1.8139844810938917,-0.5207517998072982,-0.8856536978941679,-0.11467992334638888,-1.0549295761075266,0.6898497455010574,0.827208426732605,-0.6290976764016629,1.7446636442552441,-0.34847377741631325,0.07462886072488167,1.101195521651122,1.8350685480258309,0.24643211204521906,-0.2856536700826777,1.4566628929646988,0.5041415787794284,-0.30966176864266615,-0.4302071952432312,-0.5716725051808857,-0.16012815380508713,-0.41259646939878314,-0.648554890931044,0.0961490046248891,-0.5413946885240514,-0.6646569357220442,-0.911483974756604,-0.23707767747280864,-0.9255342732523074,1.2015396878224363,-0.6727458038087416,0.9467775287546734,0.5175437523125814,-0.7428194340123639,-0.7567422364446674,0.872864229943182,1.2685926896837634,-0.41525173426895756,-0.7526617577238643,-0.8130932109142461,-0.6549505261380968,0.69712865353789,-0.8452199089262212,-0.7438026899104839,0.47473088529116186,-1.1548052177063493,0.30027441652612874,0.25145912885044697,-1.0083620856070368,-0.39927470475234533,0.2828643111695687,-1.3934992525089367,0.05193474404167029,1.2079969675676652,-1.0337859204382358,0.5052822314780715,-1.128344069573815,-0.21603158562266953,-0.30523636263991905
0.0,0.6409313343012027,-1.007284612273499,1.974004108511966,-1.5448613763667332,1.400605556856044,-1.400605556856044,1.433772260587644,-1.3167358203261583,-1.2270150487070084,0.7940891333010198,-1.462116783532086,1.2269800267637583,-0.1506331956189426,0.4460130309702642,-0.44571135868027706,0.07043109009373473,-1.3455870753866446,1.430391689484521,1.2745225744426183,2.064274157664184,0.16709915261430253,-1.1866584342489621,-0.9549231978834688,0.8945911642209313,-1.3622820948340806,-0.15955402821696796,-0.7393624931512592,2.0218350877837676,0.15576550837707448,-1.7400774864840363,0.27044716351029024,-0.5207517998072982,-0.8856536978941679,1.2956217892261805,-1.0549295761075266,0.6898497455010574,0.827208426732605,-0.6290976764016629,0.7884787632196761,0.6129234032752473,-0.6725492442679737,0.29281224848664894,-0.7634071585620196,-0.9138520044026233,0.8026918104370826,0.10185269522307577,-0.39194767146243636,-0.30966176864266615,-0.4302071952432312,-0.5716725051808857,-0.16012815380508713,1.6506488677383777,-0.648554890931044,-0.6740909779287169,-0.5413946885240514,-0.6646569357220442,-0.911483974756604,2.0375482070765707,-0.9255342732523074,1.2015396878224363,-0.6727458038087416,1.9060183410063973,0.5175437523125814,1.1143080568432764,-0.7567422364446674,1.65708365681336,1.2685926896837634,1.2460375429287622,0.4763613267095093,-0.8130932109142461,-0.6549505261380968,1.6429109243018758,-0.8452199089262212,-0.7438026899104839,-0.5805058007225344,-1.1548052177063493,-0.5281659678368675,0.25145912885044697,-1.0083620856070368,-0.39927470475234533,-0.9075044536149697,-1.3934992525089367,1.7078781751467178,1.2079969675676652,-1.0337859204382358,-0.7192155650692812,-1.128344069573815,-0.21603158562266953,-1.3224891375332608
0.0,-1.6932293041153428,0.008424691656427995,-1.070419254399765,1.9198579740198718,-1.1247603674189983,1.1247603674189983,-1.0480647836803847,-1.2574033512340705,-1.4398168261449162,-2.1783091899607703,1.7570157553320696,-0.4091375875211017,-0.653408435643035,-1.009997302808206,-0.44571135868027706,-1.0589605219778861,1.658366485674451,-1.1556801118945228,-1.3535160625942373,-0.2421489634852977,0.16709915261430253,1.3676563894844727,0.25768433004948593,-1.5517535395888395,2.242688104401001,-1.1801584477397846,-0.7393624931512592,-1.1875066288617346,-0.8034942206313018,1.5744452558373225,0.27044716351029024,-0.5207517998072982,1.7713149234646202,-1.5249816359189583,-1.0549295761075266,1.8903335685603917,0.827208426732605,-0.6290976764016629,-1.1232409751389947,-1.3105249697954193,0.8223152501429024,-1.323404751089636,1.8350685480258309,0.24643211204521906,-1.3747395216776217,-1.2538791421088478,-0.39194767146243636,-0.30966176864266615,0.7169339552590924,-0.5716725051808857,-0.16012815380508713,-0.41259646939878314,-0.648554890931044,3.1786808531710555,-0.5413946885240514,-0.6646569357220442,0.19353857775096445,-0.9949426027419808,0.14769697546751853,-0.07989343228419918,-0.6727458038087416,-0.9710519945847689,-1.1383260927744085,-0.7428194340123639,-0.7567422364446674,0.872864229943182,-0.7021082929699173,-0.41525173426895756,-0.7526617577238643,-0.8130932109142461,-0.6549505261380968,-0.24801066530851296,2.5347403224314733,-0.7438026899104839,1.530685419390582,1.1545696473358924,1.129278365776447,-0.8666018017258531,0.1279837500491801,-0.39927470475234533,1.4724238517768231,-0.3704795326436135,-0.7763184987857779,-1.3577272107239748,0.8041112456846411,0.5052822314780715,2.124191018476848,-0.21603158562266953,2.7468678487367724
0.0,-1.3594443328217771,2.3815772709319583,0.6679464858228334,-1.1595932059893732,2.3200895216461936,-2.3200895216461928,2.759782338525133,1.6884537391880787,1.692625337741149,-1.063595725277118,-0.3889492087658503,1.7722271341921758,-1.6582654326015314,-0.2822432587775047,2.1384792415315927,2.3299937425406836,0.15638970514390335,1.430391689484521,0.7489873846735868,-0.2421489634852977,0.16709915261430253,-1.1866584342489621,1.470710287081106,-1.5517535395888395,-0.8075977040064971,-0.15955402821696796,1.4110449163132104,-1.1875066288617346,-1.7634065072784595,-0.6349861551253058,0.27044716351029024,-0.5207517998072982,-0.8856536978941679,-0.11467992334638888,2.614282213355441,0.6898497455010574,0.827208426732605,-1.3920253695387932,-0.16705609410342684,-0.34847377741631325,-0.6725492442679737,-1.323404751089636,-0.7634071585620196,2.5677896538636573,-0.2856536700826777,-1.2538791421088478,2.295710909140628,3.2293298729878037,1.8648554738910097,1.1223852206875329,6.244997998398398,-0.41259646939878314,1.08108159469569,0.0961490046248891,0.856089999905656,0.44330861701922897,-0.911483974756604,-0.23707767747280864,0.14769697546751853,3.7652776512466635,-0.6727458038087416,-0.011811182333045038,2.1722879210942776,1.1143080568432764,-0.7567422364446674,0.872864229943182,-0.7021082929699173,-0.41525173426895756,-0.7526617577238643,-0.8130932109142461,3.0003946195831435,-1.1937929360724986,-0.8452199089262212,-0.7438026899104839,-1.6364603348219546,0.0002748320988659612,-0.5281659678368675,1.3702806450938059,0.1279837500491801,2.504541329810166,0.2828643111695687,-0.3704795326436135,-0.7763184987857779,-0.5022919735827684,-1.0337859204382358,-0.7192155650692812,-0.3149338154897404,-1.3692976442361595,-0.30523636263991905
0.0,1.3085012768883353,-0.670296946016374,-0.20123638428846558,-0.19776987155079032,-0.6666258744728581,0.6666258744728581,-0.6869711302066628,-0.21018527175872725,-0.3247355123702554,0.4226034363537772,-0.9253479034316923,0.6817329193353401,1.356652299818802,0.4460130309702642,-0.44571135868027706,0.07043109009373473,-0.8446978546485364,0.7839852654379047,0.22345219490455492,-1.164909193710573,0.16709915261430253,0.5163160376524433,0.25768433004948593,0.282688486883659,-0.8075977040064971,-0.15955402821696796,0.33620680277605636,0.7381856945219125,-0.8034942206313018,-0.6349861551253058,-1.274140179459423,-0.5207517998072982,0.00020324725968009203,2.001012411189543,1.3909344023173573,-1.7103018001260681,-1.2411423032762936,0.8962390642620351,0.7884787632196761,1.5749745956543533,-0.6725492442679737,0.29281224848664894,-0.7634071585620196,-0.9138520044026233,1.8917776620320266,0.10185269522307577,-0.39194767146243636,-0.30966176864266615,-0.4302071952432312,-0.5716725051808857,-0.16012815380508713,-0.41259646939878314,1.08108159469569,0.0961490046248891,-0.5413946885240514,-0.6646569357220442,-0.911483974756604,1.279167727436467,-0.9255342732523074,-0.07989343228419918,0.7072215180225199,-0.011811182333045038,0.5175437523125814,1.1143080568432764,-0.7567422364446674,-1.4808610158739783,-0.7021082929699173,-0.41525173426895756,0.4763613267095093,-0.8130932109142461,0.563774022673314,-0.24801066530851296,0.8453348344696201,-0.7438026899104839,-0.5805058007225344,1.1545696473358924,1.129278365776447,1.3702806450938059,0.1279837500491801,-0.39927470475234533,-0.9075044536149697,0.6518447285406318,0.05193474404167029,-0.5022919735827684,0.8041112456846411,-0.7192155650692812,-0.3149338154897404,-0.21603158562266953,-0.8136898067382572
0.0,-0.024304447647512134,0.008424691656427995,1.974004108511966,-1.7361483700505969,2.090218530448655,-2.090218530448656,2.3981432263603635,-0.46828151230930637,-0.3928320811503893,1.1658312040901866,-0.9253479034316923,1.2269800267637583,-1.6582654326015314,-0.2822432587775047,0.07105543399250784,0.07043109009373473,0.15638970514390335,0.13757884139128826,2.325955642172379,1.603053194022782,0.16709915261430253,-1.1866584342489621,-1.5616453909486119,1.5060718397117643,-1.63952862201903,0.350921694706549,0.33620680277605636,2.0218350877837676,-0.8034942206313018,-1.7400774864840363,0.27044716351029024,-0.5207517998072982,0.00020324725968009203,1.2956217892261805,-1.0549295761075266,0.6898497455010574,0.827208426732605,-0.6290976764016629,-0.16705609410342684,-0.34847377741631325,-1.4202356336859945,1.101195521651122,-0.7634071585620196,-0.9138520044026233,-0.2856536700826777,1.4566628929646988,-0.39194767146243636,-0.30966176864266615,-0.4302071952432312,-0.5716725051808857,-0.16012815380508713,1.6506488677383777,-0.648554890931044,-0.6740909779287169,-0.5413946885240514,2.658486516823501,-0.911483974756604,1.279167727436467,-0.9255342732523074,1.2015396878224363,-2.053651878920161,0.9467775287546734,2.1722879210942776,1.1143080568432764,2.514844867864276,0.08811132046969085,1.2685926896837634,1.2460375429287622,0.4763613267095093,-0.8130932109142461,-0.6549505261380968,1.6429109243018758,-0.8452199089262212,-0.7438026899104839,-0.5805058007225344,-1.1548052177063493,-0.5281659678368675,-0.8666018017258531,-1.0083620856070368,-0.39927470475234533,-0.9075044536149697,-1.3934992525089367,2.5355683634243174,1.2079969675676652,-1.0337859204382358,-0.7192155650692812,-1.128344069573815,-1.3692976442361595,-1.3224891375332608
0.0,-2.0246801147704923,-0.670296946016374,1.3209752971673996,0.380132384015249,0.9408635744609694,-0.9408635744609685,0.8757680196456231,0.9675642397192142,1.0286837921348602,-1.4350814222243609,-0.9253479034316923,0.6817329193353401,-0.653408435643035,-1.009997302808206,-0.9628347882010072,1.2006021304690626,0.15638970514390335,0.13757884139128826,1.2745225744426183,0.21907200015610437,1.7394778985392962,-0.3353180824169329,-0.9549231978834688,2.1175525152025974,0.3015797411909854,-1.1801584477397846,-0.7393624931512592,-0.5454636987399429,0.15576550837707448,-0.6349861551253058,-1.274140179459423,1.2907729807455666,-0.8856536978941679,-0.11467992334638888,1.3909344023173573,-0.5098179770667338,0.827208426732605,0.13331137112490488,-0.16705609410342684,-1.3105249697954193,0.07462886072488167,-0.515021477925163,-0.7634071585620196,0.24643211204521906,-0.2856536700826777,-1.2538791421088478,-0.39194767146243636,-0.30966176864266615,-0.4302071952432312,1.1223852206875329,-0.16012815380508713,-0.41259646939878314,1.08108159469569,-0.6740909779287169,-0.5413946885240514,0.44330861701922897,1.2978099252602269,-0.9949426027419808,0.14769697546751853,1.2015396878224363,0.7072215180225199,-0.011811182333045038,0.5175437523125814,1.1143080568432764,2.514844867864276,-0.6961081064004871,1.2685926896837634,-0.41525173426895756,0.4763613267095093,0.9450430719827936,-0.6549505261380968,1.6429109243018758,0.8453348344696201,0.7077362399536292,-0.5805058007225344,1.1545696473358924,-1.3571699170871856,0.25145912885044697,-1.0083620856070368,-0.39927470475234533,-0.9075044536149697,0.6518447285406318,0.05193474404167029,1.2079969675676652,0.8041112456846411,-0.7192155650692812,-0.3149338154897404,3.2421985874188697,-0.30523636263991905
0.0,-0.024304447647512134,0.008424691656427995,-0.6365889251848433,0.5727664692039293,-0.6666258744728581,0.6666258744728581,-0.6869711302066628,0.4335720178904251,0.4413508864062299,-0.32036795754070874,0.14744948589999174,0.13648581190692188,0.35179530286030575,0.4460130309702642,-0.44571135868027706,-1.0589605219778861,0.656933485040123,-1.1556801118945228,-0.8279808728252056,-0.7033699271266997,0.9532885255767996,0.9419862135684579,0.863988094015963,-0.32879218860717374,0.024333214006035893,0.350921694706549,-0.7393624931512592,-0.5454636987399429,0.15576550837707448,0.469353924478592,1.8139844810938917,-0.5207517998072982,-0.8856536978941679,-0.11467992334638888,0.16841823493055733,-0.5098179770667338,0.827208426732605,1.658648111788603,-1.1232409751389947,-0.34847377741631325,0.07462886072488167,-1.323404751089636,1.8350685480258309,1.4075055374158152,-0.2856536700826777,-1.2538791421088478,-0.39194767146243636,-0.30966176864266615,0.7169339552590924,-0.5716725051808857,-0.16012815380508713,-0.41259646939878314,-0.648554890931044,0.0961490046248891,2.2526246647538337,-0.6646569357220442,0.19353857775096445,-0.9949426027419808,0.14769697546751853,-1.3621982756017916,0.7072215180225199,-0.9710519945847689,-1.1383260927744085,-0.7428194340123639,0.8796075188897279,-1.4808610158739783,-0.7021082929699173,-0.41525173426895756,1.70454890938596,0.9450430719827936,0.563774022673314,0.69712865353789,-0.8452199089262212,2.158288399641084,-0.5805058007225344,1.1545696473358924,0.30027441652612874,1.3702806450938059,-1.0083620856070368,-0.39927470475234533,1.4724238517768231,0.6518447285406318,-0.7763184987857779,-0.5022919735827684,-1.0337859204382358,-0.7192155650692812,0.4979234744515167,-0.21603158562266953,0.20356296815508473
0.0,0.3094805236460535,0.34778551049282896,0.23411615660791177,-0.581690950423334,0.4827290815148283,-0.4827290815148283,0.3734005651904906,1.2553267148158405,1.1733890007926435,0.05111773940653423,0.14744948589999174,0.13648581190692188,0.35179530286030575,1.9015211190316677,0.07105543399250784,-1.0589605219778861,-0.8446978546485364,-0.5092736878479067,0.7489873846735868,0.6802929637975061,-0.6190902203481943,-0.3353180824169329,-0.3486194339169915,0.282688486883659,-0.5303511768215475,-0.6696827248162676,-0.7393624931512592,0.7381856945219125,1.1156777950242323,0.469353924478592,0.27044716351029024,-0.5207517998072982,-0.8856536978941679,-0.11467992334638888,-1.0549295761075266,0.6898497455010574,0.827208426732605,-0.6290976764016629,1.7446636442552441,-0.34847377741631325,0.07462886072488167,1.101195521651122,1.8350685480258309,0.24643211204521906,-0.2856536700826777,0.10185269522307577,0.5041415787794284,-0.30966176864266615,-0.4302071952432312,-0.5716725051808857,-0.16012815380508713,-0.41259646939878314,-0.648554890931044,0.0961490046248891,-0.5413946885240514,-0.6646569357220442,-0.911483974756604,0.521302802167295,-0.9255342732523074,-0.07989343228419918,-0.6727458038087416,1.9060183410063973,0.5175437523125814,-0.7428194340123639,-0.7567422364446674,0.872864229943182,1.2685926896837634,-0.41525173426895756,-0.7526617577238643,-0.8130932109142461,-0.6549505261380968,0.69712865353789,-0.8452199089262212,-0.7438026899104839,0.47473088529116186,-1.1548052177063493,0.30027441652612874,0.25145912885044697,-1.0083620856070368,-0.39927470475234533,0.2828643111695687,-1.3934992525089367,0.8796249323192696,1.2079969675676652,-1.0337859204382358,0.5052822314780715,-1.128344069573815,-0.21603158562266953,-0.30523636263991905
0.0,0.9747163055947697,-0.670296946016374,-0.6365889251848433,0.380132384015249,-1.1247603674189983,1.1247603674189983,-1.0480647836803847,-0.5187141110375819,-0.5290252187106571,0.4226034363537772,-0.3889492087658503,0.6817329193353401,0.35179530286030575,-0.2822432587775047,-0.9628347882010072,-1.0589605219778861,0.656933485040123,0.13757884139128826,-0.8279808728252056,-0.7033699271266997,0.16709915261430253,0.9419862135684579,0.863988094015963,-0.9402728640980067,0.024333214006035893,0.8610503913058486,-0.7393624931512592,-0.5454636987399429,0.15576550837707448,0.469353924478592,0.27044716351029024,-0.5207517998072982,-0.8856536978941679,0.5907106986169739,0.16841823493055733,-0.5098179770667338,0.827208426732605,1.658648111788603,-1.1232409751389947,-0.34847377741631325,0.07462886072488167,-1.323404751089636,0.5362724621080682,1.4075055374158152,-0.2856536700826777,-1.2538791421088478,-0.39194767146243636,-0.30966176864266615,-0.4302071952432312,-0.5716725051808857,-0.16012815380508713,-0.41259646939878314,-0.648554890931044,0.0961490046248891,2.2526246647538337,-0.6646569357220442,0.19353857775096445,-0.23707767747280864,0.14769697546751853,-0.07989343228419918,0.7072215180225199,-0.9710519945847689,-1.1383260927744085,-0.7428194340123639,0.8796075188897279,-0.6961081064004871,-0.7021082929699173,-0.41525173426895756,0.4763613267095093,0.9450430719827936,0.563774022673314,-0.24801066530851296,-0.8452199089262212,2.158288399641084,-0.5805058007225344,1.1545696473358924,0.30027441652612874,1.3702806450938059,-1.0083620856070368,-0.39927470475234533,1.4724238517768231,0.6518447285406318,-0.7763184987857779,-0.5022919735827684,-1.0337859204382358,-0.7192155650692812,0.4979234744515167,-0.21603158562266953,0.20356296815508473
0.0,0.9747163055947697,-0.330936127179973,0.01643988615972289,-0.38905686523465405,-0.20688389207778343,0.20688389207778252,-0.29260449657901766,0.4157722771628008,0.30515774884596203,-0.32036795754070874,0.6838481805658335,0.13648581190692188,1.356652299818802,0.4460130309702642,-0.44571135868027706,1.2006021304690626,-0.8446978546485364,2.0767981135311366,-0.8279808728252056,-0.2421489634852977,-1.405822167067049,0.09035209349908155,0.25768433004948593,-0.9402728640980067,-0.2531046496365981,-1.1801584477397846,0.33620680277605636,-0.5454636987399429,2.0749375240326087,1.5744452558373225,-1.274140179459423,3.101066269265424,-0.8856536978941679,-0.11467992334638888,0.16841823493055733,0.6898497455010574,-1.2411423032762936,0.8962390642620351,0.7884787632196761,-0.34847377741631325,0.8223152501429024,0.29281224848664894,-0.7634071585620196,1.4075055374158152,-0.2856536700826777,0.10185269522307577,-0.39194767146243636,-0.30966176864266615,-0.4302071952432312,2.815291309760663,-0.16012815380508713,-0.41259646939878314,-0.648554890931044,0.0961490046248891,-0.5413946885240514,-0.6646569357220442,-0.911483974756604,0.521302802167295,1.2201986312242445,-0.07989343228419918,2.088127593133939,-0.9710519945847689,-1.1383260927744085,-0.7428194340123639,0.8796075188897279,0.872864229943182,-0.7021082929699173,-0.41525173426895756,-0.7526617577238643,-0.8130932109142461,-0.6549505261380968,-0.24801066530851296,-0.8452199089262212,0.7077362399536292,0.47473088529116186,0.0002748320988659612,-0.5281659678368675,0.25145912885044697,1.2635570868368338,-0.39927470475234533,-0.9075044536149697,-0.3704795326436135,-0.7763184987857779,-0.5022919735827684,0.8041112456846411,-0.7192155650692812,0.4979234744515167,-0.21603158562266953,-0.30523636263991905
0.0,-0.35808941894107776,0.6871463293292294,-0.6365889251848433,0.380132384015249,-0.20688389207778343,0.20688389207778252,-0.29260449657901766,0.9883306039014427,0.9946355077447978,-1.063595725277118,1.2206170606662274,0.13648581190692188,-0.1506331956189426,0.4460130309702642,0.5878222266652928,0.07043109009373473,0.15638970514390335,0.13757884139128826,-0.3020829948644768,-0.2421489634852977,-1.405822167067049,0.5163160376524433,-0.9549231978834688,-1.5517535395888395,1.1335106592035185,-0.15955402821696796,0.33620680277605636,-0.5454636987399429,-1.7634065072784595,1.5744452558373225,1.8139844810938917,-0.5207517998072982,0.00020324725968009203,-0.11467992334638888,1.3909344023173573,0.6898497455010574,-1.2411423032762936,-0.6290976764016629,-1.1232409751389947,-1.3105249697954193,2.3171797445537785,0.29281224848664894,-0.7634071585620196,1.4075055374158152,-0.2856536700826777,1.4566628929646988,-0.39194767146243636,3.2293298729878037,-0.4302071952432312,1.1223852206875329,-0.16012815380508713,-0.41259646939878314,-0.648554890931044,0.8669129599557426,-0.5413946885240514,0.44330861701922897,-0.911483974756604,-1.7533230823820845,2.2934298799440707,-0.07989343228419918,0.7072215180225199,-0.9710519945847689,0.5175437523125814,-0.7428194340123639,0.8796075188897279,0.872864229943182,-0.7021082929699173,-0.41525173426895756,-0.7526617577238643,-0.8130932109142461,-0.6549505261380968,-1.1937929360724986,0.8453348344696201,-0.7438026899104839,0.47473088529116186,0.0002748320988659612,1.129278365776447,-0.8666018017258531,0.1279837500491801,-0.39927470475234533,-0.9075044536149697,-1.3934992525089367,-0.7763184987857779,-0.5022919735827684,0.8041112456846411,1.7289476026028898,0.4979234744515167,-0.21603158562266953,0.7120164122534228
0.0,0.3094805236460535,-0.330936127179973,0.4517924270561007,-0.38905686523465405,0.25285809031729134,-0.25285809031729134,0.14048970411302966,0.9616309928100062,0.9265389389646639,-0.32036795754070874,0.14744948589999174,0.13648581190692188,0.8542238013395541,0.4460130309702642,-0.44571135868027706,1.2006021304690626,-0.8446978546485364,1.430391689484521,0.22345219490455492,-0.2421489634852977,-0.6190902203481943,-0.3353180824169329,-0.3486194339169915,0.282688486883659,-0.2531046496365981,-1.1801584477397846,0.33620680277605636,-0.5454636987399429,2.0749375240326087,0.469353924478592,-1.274140179459423,3.101066269265424,-0.8856536978941679,0.5907106986169739,0.16841823493055733,-0.5098179770667338,-0.20661529754929928,0.8962390642620351,0.7884787632196761,-0.34847377741631325,0.07462886072488167,1.101195521651122,-0.7634071585620196,0.24643211204521906,-0.2856536700826777,0.10185269522307577,-0.39194767146243636,-0.30966176864266615,-0.4302071952432312,2.815291309760663,-0.16012815380508713,-0.41259646939878314,-0.648554890931044,-0.6740909779287169,-0.5413946885240514,-0.6646569357220442,0.19353857775096445,-0.23707767747280864,1.2201986312242445,1.2015396878224363,0.7072215180225199,-0.011811182333045038,0.5175437523125814,-0.7428194340123639,0.8796075188897279,-0.6961081064004871,0.2835772376263305,-0.41525173426895756,-0.7526617577238643,-0.8130932109142461,-0.6549505261380968,0.69712865353789,-0.8452199089262212,0.7077362399536292,-0.5805058007225344,0.0002748320988659612,-0.5281659678368675,0.25145912885044697,0.1279837500491801,-0.39927470475234533,-0.9075044536149697,0.6518447285406318,0.05193474404167029,-0.5022919735827684,0.8041112456846411,-0.7192155650692812,-0.3149338154897404,0.9364504715913549,-0.30523636263991905
0.0,-0.35808941894107776,0.6871463293292294,-1.5057717952961425,1.1493216332651521,-1.1247603674189983,1.1247603674189983,-1.0480647836803847,-1.0616062032301832,-0.8099235649286989,-0.32036795754070874,1.2206170606662274,-0.9543846949495196,-0.1506331956189426,-0.2822432587775047,0.07105543399250784,-1.0589605219778861,1.658366485674451,-1.8020865359411393,-1.3535160625942373,-1.164909193710573,0.16709915261430253,1.3676563894844727,0.863988094015963,-0.9402728640980067,0.8560727955608842,0.350921694706549,-0.7393624931512592,-0.5454636987399429,0.15576550837707448,0.469353924478592,1.8139844810938917,-0.5207517998072982,0.8854579783107721,-0.11467992334638888,-1.0549295761075266,-0.5098179770667338,-0.20661529754929928,1.658648111788603,-1.1232409751389947,-0.34847377741631325,-0.6725492442679737,-1.323404751089636,1.8350685480258309,0.24643211204521906,-0.2856536700826777,-1.2538791421088478,-0.39194767146243636,-0.30966176864266615,1.8648554738910097,-0.5716725051808857,-0.16012815380508713,-0.41259646939878314,-0.648554890931044,-0.6740909779287169,2.2526246647538337,0.44330861701922897,2.4028324777677956,-0.9949426027419808,0.14769697546751853,-1.3621982756017916,-0.6727458038087416,-0.9710519945847689,-1.1383260927744085,-0.7428194340123639,-0.7567422364446674,-1.4808610158739783,-0.7021082929699173,-0.41525173426895756,0.4763613267095093,0.9450430719827936,-0.6549505261380968,-0.24801066530851296,0.8453348344696201,2.158288399641084,1.530685419390582,0.0002748320988659612,0.30027441652612874,1.3702806450938059,0.1279837500491801,-0.39927470475234533,0.2828643111695687,-0.3704795326436135,-0.7763184987857779,-1.3577272107239748,0.8041112456846411,1.7289476026028898,1.3113337285355913,-1.3692976442361595,0.7120164122534228
0.0,0.9747163055947697,-1.3466454311099,0.4517924270561007,-0.19776987155079032,-0.43675488327532036,0.43675488327532125,-0.4944242122667476,-0.4178489135810309,-0.3247355123702554,0.05111773940653423,-0.3889492087658503,0.6817329193353401,1.356652299818802,-0.2822432587775047,-0.44571135868027706,0.07043109009373473,-1.3455870753866446,1.430391689484521,-0.8279808728252056,0.21907200015610437,0.16709915261430253,0.09035209349908155,-0.3486194339169915,0.282688486883659,-0.2531046496365981,-1.1801584477397846,0.33620680277605636,0.09614276440012078,2.0749375240326087,0.469353924478592,-1.274140179459423,1.2907729807455666,-0.8856536978941679,-0.11467992334638888,0.16841823493055733,0.6898497455010574,0.827208426732605,0.13331137112490488,0.7884787632196761,0.6129234032752473,0.8223152501429024,1.101195521651122,-0.7634071585620196,-0.9138520044026233,-0.2856536700826777,0.10185269522307577,-0.39194767146243636,-0.30966176864266615,-0.4302071952432312,1.1223852206875329,-0.16012815380508713,-0.41259646939878314,-0.648554890931044,-0.6740909779287169,-0.5413946885240514,-0.6646569357220442,-0.911483974756604,0.521302802167295,0.14769697546751853,-0.07989343228419918,2.088127593133939,-0.011811182333045038,-1.1383260927744085,-0.7428194340123639,-0.7567422364446674,0.872864229943182,-0.7021082929699173,-0.41525173426895756,-0.7526617577238643,2.7019841568629075,-0.6549505261380968,-0.24801066530851296,-0.8452199089262212,0.7077362399536292,-0.5805058007225344,1.1545696473358924,-0.5281659678368675,-0.8666018017258531,1.2635570868368338,-0.39927470475234533,-0.9075044536149697,0.6518447285406318,-0.7763184987857779,0.3525617304264587,0.8041112456846411,-0.7192155650692812,-0.3149338154897404,0.9364504715913549,-0.30523636263991905
0.0,-0.35808941894107776,-0.330936127179973,-1.5057717952961425,1.7272238888311922,-1.81437334101161,1.814373341011611,-1.5357048534772235,-2.3016548072548164,-2.1633428694338237,-0.32036795754070874,0.6838481805658335,-0.9543846949495196,0.35179530286030575,-1.009997302808206,-0.44571135868027706,0.07043109009373473,0.656933485040123,-1.1556801118945228,-1.3535160625942373,-1.164909193710573,0.16709915261430253,1.3676563894844727,0.863988094015963,-1.5517535395888395,1.6880037135734176,0.350921694706549,-0.7393624931512592,-0.5454636987399429,0.15576550837707448,-0.6349861551253058,0.27044716351029024,1.2907729807455666,0.8854579783107721,-0.11467992334638888,-1.0549295761075266,-0.5098179770667338,-0.20661529754929928,1.658648111788603,-1.1232409751389947,-0.34847377741631325,0.07462886072488167,-1.323404751089636,0.5362724621080682,0.24643211204521906,-0.2856536700826777,-1.2538791421088478,-0.39194767146243636,-0.30966176864266615,0.7169339552590924,-0.5716725051808857,-0.16012815380508713,-0.41259646939878314,1.08108159469569,-0.6740909779287169,0.856089999905656,-0.6646569357220442,2.4028324777677956,-0.9949426027419808,0.14769697546751853,-1.3621982756017916,0.7072215180225199,-0.9710519945847689,-1.1383260927744085,-0.7428194340123639,-0.7567422364446674,-1.4808610158739783,-0.7021082929699173,-0.41525173426895756,0.4763613267095093,0.9450430719827936,-0.6549505261380968,-0.24801066530851296,0.8453348344696201,2.158288399641084,1.530685419390582,0.0002748320988659612,0.30027441652612874,1.3702806450938059,0.1279837500491801,-0.39927470475234533,0.2828643111695687,0.6518447285406318,-0.7763184987857779,-1.3577272107239748,-1.0337859204382358,1.7289476026028898,2.124191018476848,-1.3692976442361595,1.2208157430484265
0.0,1.3085012768883353,0.008424691656427995,0.23411615660791177,-0.9669591208006934,0.25285809031729134,-0.25285809031729134,0.14048970411302966,0.21700850570430275,0.024259402627920285,0.05111773940653423,-0.3889492087658503,2.3178505336202,0.35179530286030575,1.9015211190316677,-0.44571135868027706,0.07043109009373473,-0.8446978546485364,1.430391689484521,0.7489873846735868,-1.164909193710573,-0.6190902203481943,-0.3353180824169329,0.25768433004948593,-0.32879218860717374,-1.0848442311914466,-0.6696827248162676,0.33620680277605636,1.379792157661976,-0.8034942206313018,0.469353924478592,-1.274140179459423,-0.5207517998072982,0.00020324725968009203,2.001012411189543,1.3909344023173573,-0.5098179770667338,-0.20661529754929928,0.8962390642620351,0.7884787632196761,0.6129234032752473,-1.4202356336859945,1.101195521651122,-0.7634071585620196,0.24643211204521906,1.8917776620320266,1.4566628929646988,-0.39194767146243636,-0.30966176864266615,-1.5781287138751485,-0.5716725051808857,-0.16012815380508713,-0.41259646939878314,1.08108159469569,-0.6740909779287169,0.856089999905656,-0.6646569357220442,-0.911483974756604,0.521302802167295,0.14769697546751853,1.2015396878224363,0.7072215180225199,0.9467775287546734,0.5175437523125814,1.1143080568432764,-0.7567422364446674,-0.6961081064004871,-0.7021082929699173,-0.41525173426895756,-0.7526617577238643,-0.8130932109142461,0.563774022673314,-1.1937929360724986,0.8453348344696201,-0.7438026899104839,-0.5805058007225344,1.1545696473358924,-0.5281659678368675,0.25145912885044697,0.1279837500491801,-0.39927470475234533,0.2828643111695687,0.6518447285406318,0.8796249323192696,-1.3577272107239748,-1.0337859204382358,-0.7192155650692812,-1.128344069573815,-0.21603158562266953,-0.8136898067382572
0.0,-0.6918743902346446,0.008424691656427995,-1.070419254399765,1.3419557184538324,-1.1247603674189983,1.1247603674189983,-1.0480647836803847,-0.625512555403341,-0.6056338585883067,-1.063595725277118,1.7570157553320696,-0.4091375875211017,-0.653408435643035,-1.009997302808206,-0.44571135868027706,-1.0589605219778861,1.157822705778231,-0.5092736878479067,-0.8279808728252056,-0.7033699271266997,-0.6190902203481943,1.3676563894844727,-0.3486194339169915,-0.9402728640980067,1.6880037135734176,-0.15955402821696796,-0.7393624931512592,-0.5454636987399429,-0.8034942206313018,1.5744452558373225,0.27044716351029024,-0.5207517998072982,1.7713149234646202,-0.8195910139555955,0.16841823493055733,0.6898497455010574,-0.20661529754929928,-0.6290976764016629,-1.1232409751389947,-1.3105249697954193,1.5694933551357577,-0.515021477925163,0.5362724621080682,0.24643211204521906,-1.3747395216776217,-1.2538791421088478,-0.39194767146243636,-0.30966176864266615,0.7169339552590924,-0.5716725051808857,-0.16012815380508713,-0.41259646939878314,-0.648554890931044,1.6371529425093485,-0.5413946885240514,-0.6646569357220442,1.2978099252602269,-0.9949426027419808,2.2934298799440707,-0.07989343228419918,-2.053651878920161,-0.9710519945847689,-1.1383260927744085,-0.7428194340123639,-0.7567422364446674,0.08811132046969085,-0.7021082929699173,-0.41525173426895756,-0.7526617577238643,0.9450430719827936,-0.6549505261380968,-1.1937929360724986,0.8453348344696201,-0.7438026899104839,1.530685419390582,0.0002748320988659612,1.957718750139443,-0.8666018017258531,0.1279837500491801,-0.39927470475234533,0.2828643111695687,0.6518447285406318,-0.7763184987857779,-1.3577272107239748,0.8041112456846411,1.7289476026028898,1.3113337285355913,2.0897165302048446,0.7120164122534228
0.0,-0.024304447647512134,0.6871463293292294,-1.5057717952961425,0.9580346395812884,-1.1247603674189983,1.1247603674189983,-1.0480647836803847,-1.0111736045019077,-0.741826996148565,-0.32036795754070874,1.2206170606662274,-0.4091375875211017,-0.1506331956189426,-0.2822432587775047,0.07105543399250784,-1.0589605219778861,1.658366485674451,-1.1556801118945228,-1.3535160625942373,-1.164909193710573,-0.6190902203481943,1.3676563894844727,0.863988094015963,-1.5517535395888395,0.8560727955608842,0.350921694706549,-0.7393624931512592,-0.5454636987399429,0.15576550837707448,0.469353924478592,1.8139844810938917,-0.5207517998072982,0.8854579783107721,-0.11467992334638888,-1.0549295761075266,-0.5098179770667338,-0.20661529754929928,1.658648111788603,-1.1232409751389947,-0.34847377741631325,-0.6725492442679737,-1.323404751089636,1.8350685480258309,0.24643211204521906,-0.2856536700826777,-1.2538791421088478,-0.39194767146243636,-0.30966176864266615,1.8648554738910097,-0.5716725051808857,-0.16012815380508713,-0.41259646939878314,-0.648554890931044,-0.6740909779287169,2.2526246647538337,0.44330861701922897,2.4028324777677956,-0.9949426027419808,0.14769697546751853,-0.07989343228419918,-0.6727458038087416,-0.9710519945847689,-1.1383260927744085,-0.7428194340123639,-0.7567422364446674,-0.6961081064004871,-0.7021082929699173,-0.41525173426895756,-0.7526617577238643,0.9450430719827936,-0.6549505261380968,-1.1937929360724986,0.8453348344696201,2.158288399641084,1.530685419390582,0.0002748320988659612,0.30027441652612874,1.3702806450938059,0.1279837500491801,-0.39927470475234533,0.2828643111695687,-0.3704795326436135,-0.7763184987857779,-1.3577272107239748,0.8041112456846411,1.7289476026028898,1.3113337285355913,-1.3692976442361595,0.7120164122534228
0.0,0.3094805236460535,-0.670296946016374,1.7563278380637775,-1.3522272911780533,1.400605556856044,-1.400605556856044,1.433772260587644,-0.36148306794354723,-0.3247355123702554,0.7940891333010198,-0.9253479034316923,1.2269800267637583,-0.653408435643035,-0.2822432587775047,-0.44571135868027706,0.07043109009373473,-0.3441540747523166,0.7839852654379047,1.8004204524033471,1.603053194022782,0.16709915261430253,-1.1866584342489621,-1.5616453909486119,1.5060718397117643,-1.3622820948340806,-0.15955402821696796,0.33620680277605636,2.0218350877837676,-0.8034942206313018,-1.7400774864840363,0.27044716351029024,-0.5207517998072982,0.00020324725968009203,1.2956217892261805,-1.0549295761075266,0.6898497455010574,0.827208426732605,-0.6290976764016629,-0.16705609410342684,0.6129234032752473,-0.6725492442679737,0.29281224848664894,-0.7634071585620196,-0.9138520044026233,0.8026918104370826,0.10185269522307577,-0.39194767146243636,-0.30966176864266615,-0.4302071952432312,-0.5716725051808857,-0.16012815380508713,1.6506488677383777,-0.648554890931044,-0.6740909779287169,-0.5413946885240514,1.5505209640822277,-0.911483974756604,1.279167727436467,-0.9255342732523074,1.2015396878224363,-0.6727458038087416,1.9060183410063973,0.5175437523125814,1.1143080568432764,0.8796075188897279,0.872864229943182,1.2685926896837634,1.2460375429287622,0.4763613267095093,-0.8130932109142461,-0.6549505261380968,1.6429109243018758,-0.8452199089262212,-0.7438026899104839,-0.5805058007225344,-1.1548052177063493,-0.5281659678368675,-0.8666018017258531,-1.0083620856070368,-0.39927470475234533,-0.9075044536149697,-1.3934992525089367,2.5355683634243174,1.2079969675676652,-1.0337859204382358,-0.7192155650692812,-1.128344069573815,-1.3692976442361595,-1.3224891375332608
0.0,-0.024304447647512134,-0.670296946016374,0.01643988615972289,0.380132384015249,-0.43675488327532036,0.43675488327532125,-0.4944242122667476,0.5789365671660369,0.61159230835656,-0.32036795754070874,-0.9253479034316923,0.6817329193353401,0.35179530286030575,-0.2822432587775047,-0.44571135868027706,0.07043109009373473,-0.3441540747523166,0.7839852654379047,0.22345219490455492,-0.7033699271266997,0.16709915261430253,0.09035209349908155,0.25768433004948593,0.282688486883659,0.3015797411909854,-0.6696827248162676,0.33620680277605636,0.7381856945219125,-0.8034942206313018,-0.6349861551253058,-1.274140179459423,-0.5207517998072982,0.00020324725968009203,1.2956217892261805,1.3909344023173573,-0.5098179770667338,-1.2411423032762936,0.8962390642620351,-0.16705609410342684,1.5749745956543533,-1.4202356336859945,0.29281224848664894,-0.7634071585620196,-0.9138520044026233,0.8026918104370826,0.10185269522307577,-0.39194767146243636,-0.30966176864266615,-0.4302071952432312,-0.5716725051808857,-0.16012815380508713,-0.41259646939878314,1.08108159469569,0.0961490046248891,-0.5413946885240514,-0.6646569357220442,0.19353857775096445,0.521302802167295,-0.9255342732523074,-0.07989343228419918,0.7072215180225199,-0.011811182333045038,0.5175437523125814,1.1143080568432764,-0.7567422364446674,-0.6961081064004871,-0.7021082929699173,-0.41525173426895756,0.4763613267095093,-0.8130932109142461,0.563774022673314,-0.24801066530851296,0.8453348344696201,-0.7438026899104839,-0.5805058007225344,1.1545696473358924,0.30027441652612874,0.25145912885044697,0.1279837500491801,-0.39927470475234533,0.2828643111695687,0.6518447285406318,0.05193474404167029,-0.5022919735827684,0.8041112456846411,-0.7192155650692812,-0.3149338154897404,-0.21603158562266953,1.2208157430484265
0.0,-1.0256593615282101,2.042216452095557,-0.41891265473665446,-0.19776987155079032,0.9408635744609694,-0.9408635744609685,0.8757680196456231,1.6884537391880787,1.692625337741149,0.4226034363537772,1.2206170606662274,-0.9543846949495196,-2.1606939310807793,-1.009997302808206,1.6217124488588077,1.2006021304690626,1.658366485674451,0.13757884139128826,-0.8279808728252056,-0.7033699271266997,0.9532885255767996,-1.1866584342489621,1.470710287081106,-0.32879218860717374,-0.2531046496365981,0.8610503913058486,3.56145232577768,-1.1875066288617346,-1.7634065072784595,0.469353924478592,0.27044716351029024,1.2907729807455666,0.8854579783107721,-0.8195910139555955,0.16841823493055733,-0.5098179770667338,-0.20661529754929928,-1.3920253695387932,-1.1232409751389947,-0.34847377741631325,-0.6725492442679737,-0.515021477925163,-0.7634071585620196,0.24643211204521906,-0.2856536700826777,-1.2538791421088478,2.295710909140628,-0.30966176864266615,1.8648554738910097,1.1223852206875329,-0.16012815380508713,-0.41259646939878314,1.08108159469569,0.0961490046248891,0.856089999905656,2.658486516823501,0.19353857775096445,0.521302802167295,0.14769697546751853,1.2015396878224363,-2.053651878920161,-0.9710519945847689,0.5175437523125814,-0.7428194340123639,-0.7567422364446674,0.08811132046969085,-0.7021082929699173,-0.41525173426895756,-0.7526617577238643,-0.8130932109142461,1.7816700707717326,-1.1937929360724986,0.8453348344696201,-0.7438026899104839,-0.5805058007225344,-1.1548052177063493,-0.5281659678368675,0.25145912885044697,0.1279837500491801,2.504541329810166,1.4724238517768231,0.6518447285406318,-0.7763184987857779,-0.5022919735827684,0.8041112456846411,-0.7192155650692812,1.3113337285355913,-1.3692976442361595,-0.30523636263991905
0.0,0.3094805236460535,0.008424691656427995,0.01643988615972289,-0.19776987155079032,0.022987099119754408,-0.022987099119754408,-0.08096652445242562,1.0565629433573425,0.9946355077447978,-0.32036795754070874,-0.3889492087658503,-0.4091375875211017,1.356652299818802,0.4460130309702642,-0.44571135868027706,2.3299937425406836,-0.8446978546485364,0.7839852654379047,0.22345219490455492,-0.7033699271266997,0.16709915261430253,0.09035209349908155,0.25768433004948593,0.282688486883659,-0.5303511768215475,-1.1801584477397846,0.33620680277605636,-0.5454636987399429,2.0749375240326087,0.469353924478592,-1.274140179459423,1.2907729807455666,-0.8856536978941679,-0.11467992334638888,0.16841823493055733,-0.5098179770667338,-0.20661529754929928,0.8962390642620351,1.7446636442552441,-0.34847377741631325,0.07462886072488167,1.101195521651122,-0.7634071585620196,0.24643211204521906,-0.2856536700826777,0.10185269522307577,-0.39194767146243636,-0.30966176864266615,-0.4302071952432312,2.815291309760663,-0.16012815380508713,-0.41259646939878314,1.08108159469569,-0.6740909779287169,-0.5413946885240514,0.44330861701922897,-0.911483974756604,-0.23707767747280864,0.14769697546751853,-0.07989343228419918,2.088127593133939,-0.011811182333045038,0.5175437523125814,-0.7428194340123639,0.8796075188897279,-0.6961081064004871,0.2835772376263305,-0.41525173426895756,-0.7526617577238643,0.9450430719827936,-0.6549505261380968,0.69712865353789,-0.8452199089262212,0.7077362399536292,-0.5805058007225344,0.0002748320988659612,-0.5281659678368675,0.25145912885044697,0.1279837500491801,2.504541329810166,-0.9075044536149697,0.6518447285406318,0.05193474404167029,-0.5022919735827684,0.8041112456846411,-0.7192155650692812,-0.3149338154897404,-0.21603158562266953,-0.30523636263991905
0.0,0.6409313343012027,-0.670296946016374,1.538651567615589,-1.3522272911780533,1.1707345656585064,-1.1707345656585073,1.1474064477874868,-0.4148822901264268,-0.3928320811503893,0.7940891333010198,-0.9253479034316923,0.6817329193353401,0.35179530286030575,0.4460130309702642,-0.44571135868027706,1.2006021304690626,-1.3455870753866446,1.430391689484521,1.2745225744426183,2.064274157664184,-1.405822167067049,-1.1866584342489621,-0.9549231978834688,0.282688486883659,-1.0848442311914466,-0.15955402821696796,-0.7393624931512592,1.379792157661976,1.1156777950242323,-1.7400774864840363,0.27044716351029024,1.2907729807455666,-0.8856536978941679,1.2956217892261805,-1.0549295761075266,0.6898497455010574,-0.20661529754929928,-0.6290976764016629,0.7884787632196761,0.6129234032752473,0.07462886072488167,0.29281224848664894,0.5362724621080682,-0.9138520044026233,0.8026918104370826,0.10185269522307577,-0.39194767146243636,-0.30966176864266615,-0.4302071952432312,-0.5716725051808857,-0.16012815380508713,3.712491590778232,-0.648554890931044,-0.6740909779287169,-0.5413946885240514,-0.6646569357220442,-0.911483974756604,2.0375482070765707,-0.9255342732523074,1.2015396878224363,-0.6727458038087416,1.9060183410063973,0.5175437523125814,1.1143080568432764,-0.7567422364446674,1.65708365681336,1.2685926896837634,2.9061974596389235,-0.7526617577238643,-0.8130932109142461,-0.6549505261380968,-0.24801066530851296,-0.8452199089262212,-0.7438026899104839,-0.5805058007225344,-1.1548052177063493,-0.5281659678368675,0.25145912885044697,-1.0083620856070368,-0.39927470475234533,-0.9075044536149697,-1.3934992525089367,1.7078781751467178,0.3525617304264587,-1.0337859204382358,-0.7192155650692812,-1.128344069573815,-0.21603158562266953,-1.3224891375332608
0.0,1.9760712194754677,-0.330936127179973,0.4517924270561007,-1.3522272911780533,0.25285809031729134,-0.25285809031729134,0.14048970411302966,-0.8925086663177323,-1.1589184799268746,1.5373169010374295,-0.3889492087658503,1.2269800267637583,-0.1506331956189426,1.9015211190316677,0.07105543399250784,-1.0589605219778861,-1.3455870753866446,0.13757884139128826,1.2745225744426183,0.21907200015610437,-0.6190902203481943,-0.7609882583329476,-1.5616453909486119,0.282688486883659,-0.8075977040064971,0.350921694706549,0.33620680277605636,2.0218350877837676,0.15576550837707448,0.469353924478592,0.27044716351029024,-0.5207517998072982,-0.8856536978941679,1.2956217892261805,-1.0549295761075266,0.6898497455010574,0.827208426732605,-0.6290976764016629,-0.16705609410342684,1.5749745956543533,-0.6725492442679737,1.9090292480629338,-0.7634071585620196,-0.9138520044026233,0.8026918104370826,1.4566628929646988,-0.39194767146243636,-0.30966176864266615,-0.4302071952432312,-0.5716725051808857,-0.16012815380508713,-0.41259646939878314,-0.648554890931044,-0.6740909779287169,-0.5413946885240514,-0.6646569357220442,-0.911483974756604,0.521302802167295,-0.9255342732523074,1.2015396878224363,-0.6727458038087416,1.9060183410063973,2.1722879210942776,-0.7428194340123639,-0.7567422364446674,0.08811132046969085,1.2685926896837634,-0.41525173426895756,-0.7526617577238643,-0.8130932109142461,-0.6549505261380968,0.69712865353789,-0.8452199089262212,-0.7438026899104839,0.47473088529116186,-1.1548052177063493,-0.5281659678368675,-0.8666018017258531,-1.0083620856070368,-0.39927470475234533,-0.9075044536149697,-1.3934992525089367,1.7078781751467178,0.3525617304264587,-1.0337859204382358,0.5052822314780715,-1.128344069573815,-1.3692976442361595,-0.30523636263991905
0.0,0.6409313343012027,-0.330936127179973,-0.20123638428846558,-0.005135786362110777,-0.43675488327532036,0.43675488327532125,-0.4944242122667476,0.49587111043711685,0.4413508864062299,-0.32036795754070874,-0.9253479034316923,0.6817329193353401,1.356652299818802,0.4460130309702642,-0.44571135868027706,0.07043109009373473,-0.3441540747523166,1.430391689484521,0.22345219490455492,-1.164909193710573,-0.6190902203481943,0.09035209349908155,0.863988094015963,0.282688486883659,-0.5303511768215475,-0.6696827248162676,0.33620680277605636,0.7381856945219125,-0.8034942206313018,-0.6349861551253058,-1.274140179459423,-0.5207517998072982,0.00020324725968009203,1.2956217892261805,1.3909344023173573,-0.5098179770667338,-1.2411423032762936,0.8962390642620351,0.7884787632196761,2.536371776345914,-1.4202356336859945,0.29281224848664894,-0.7634071585620196,-0.9138520044026233,1.8917776620320266,0.10185269522307577,-0.39194767146243636,-0.30966176864266615,-0.4302071952432312,-0.5716725051808857,-0.16012815380508713,-0.41259646939878314,1.08108159469569,0.0961490046248891,-0.5413946885240514,-0.6646569357220442,0.19353857775096445,0.521302802167295,-0.9255342732523074,-0.07989343228419918,2.088127593133939,-0.011811182333045038,0.5175437523125814,1.1143080568432764,-0.7567422364446674,-0.6961081064004871,-0.7021082929699173,-0.41525173426895756,-0.7526617577238643,-0.8130932109142461,0.563774022673314,-1.1937929360724986,0.8453348344696201,-0.7438026899104839,-0.5805058007225344,1.1545696473358924,0.30027441652612874,1.3702806450938059,0.1279837500491801,-0.39927470475234533,0.2828643111695687,1.674864448405955,0.05193474404167029,-1.3577272107239748,0.8041112456846411,-0.7192155650692812,-0.3149338154897404,-0.21603158562266953,-0.30523636263991905
0.0,-0.35808941894107776,2.042216452095557,-0.20123638428846558,-0.7743250356120138,1.1707345656585064,-1.1707345656585073,1.1474064477874868,1.5163895788210238,1.4798235603032412,0.05111773940653423,0.14744948589999174,0.6817329193353401,-1.6582654326015314,0.4460130309702642,1.1045890193380776,2.3299937425406836,0.656933485040123,0.13757884139128826,0.22345219490455492,-0.7033699271266997,0.16709915261430253,-0.7609882583329476,1.470710287081106,-1.5517535395888395,-0.5303511768215475,0.8610503913058486,1.4110449163132104,-1.1875066288617346,-1.7634065072784595,-0.6349861551253058,0.27044716351029024,-0.5207517998072982,0.8854579783107721,-0.11467992334638888,1.3909344023173573,-0.5098179770667338,0.827208426732605,-1.3920253695387932,-0.16705609410342684,-0.34847377741631325,-0.6725492442679737,-0.515021477925163,-0.7634071585620196,2.5677896538636573,-0.2856536700826777,0.10185269522307577,0.5041415787794284,-0.30966176864266615,1.8648554738910097,1.1223852206875329,6.244997998398398,-0.41259646939878314,1.08108159469569,0.8669129599557426,-0.5413946885240514,0.44330861701922897,0.19353857775096445,-0.23707767747280864,0.14769697546751853,1.2015396878224363,-0.6727458038087416,-0.011811182333045038,0.5175437523125814,1.1143080568432764,-0.7567422364446674,0.08811132046969085,-0.7021082929699173,-0.41525173426895756,-0.7526617577238643,-0.8130932109142461,3.0003946195831435,-1.1937929360724986,-0.8452199089262212,-0.7438026899104839,-0.5805058007225344,0.0002748320988659612,-0.5281659678368675,1.3702806450938059,1.2635570868368338,2.504541329810166,-0.9075044536149697,-0.3704795326436135,-0.7763184987857779,-0.5022919735827684,-1.0337859204382358,-0.7192155650692812,0.4979234744515167,-1.3692976442361595,-0.30523636263991905
0.0,-0.6918743902346446,-0.330936127179973,-0.41891265473665446,0.9580346395812884,-0.6666258744728581,0.6666258744728581,-0.6869711302066628,0.38017279570754553,0.37325431762609595,-1.063595725277118,0.6838481805658335,0.13648581190692188,-0.1506331956189426,-1.009997302808206,0.07105543399250784,-1.0589605219778861,0.656933485040123,0.13757884139128826,-0.3020829948644768,-0.2421489634852977,-0.6190902203481943,0.9419862135684579,-0.9549231978834688,-0.32879218860717374,1.1335106592035185,-0.15955402821696796,-0.7393624931512592,-0.5454636987399429,-0.8034942206313018,0.469353924478592,0.27044716351029024,-0.5207517998072982,0.8854579783107721,-0.8195910139555955,1.3909344023173573,0.6898497455010574,-0.20661529754929928,-0.6290976764016629,-1.1232409751389947,-1.3105249697954193,1.5694933551357577,-0.515021477925163,-0.7634071585620196,1.4075055374158152,-1.3747395216776217,0.10185269522307577,-0.39194767146243636,-0.30966176864266615,0.7169339552590924,-0.5716725051808857,-0.16012815380508713,-0.41259646939878314,-0.648554890931044,0.8669129599557426,-0.5413946885240514,0.44330861701922897,0.19353857775096445,-0.9949426027419808,2.2934298799440707,-0.07989343228419918,-0.6727458038087416,-0.9710519945847689,0.5175437523125814,-0.7428194340123639,0.8796075188897279,0.872864229943182,-0.7021082929699173,-0.41525173426895756,-0.7526617577238643,0.9450430719827936,-0.6549505261380968,-1.1937929360724986,0.8453348344696201,-0.7438026899104839,0.47473088529116186,0.0002748320988659612,1.957718750139443,-0.8666018017258531,0.1279837500491801,-0.39927470475234533,-0.9075044536149697,0.6518447285406318,-0.7763184987857779,-0.5022919735827684,0.8041112456846411,0.5052822314780715,0.4979234744515167,2.0897165302048446,0.7120164122534228
0.0,1.3085012768883353,-0.330936127179973,-0.8542651956330323,0.18749829882656951,-1.1247603674189983,1.1247603674189983,-1.0480647836803847,-0.6759451541316166,-0.741826996148565,0.7940891333010198,-0.9253479034316923,-0.4091375875211017,1.8594275398428948,1.1737670750009659,-0.44571135868027706,0.07043109009373473,-0.8446978546485364,-0.5092736878479067,-0.3020829948644768,-1.164909193710573,0.16709915261430253,0.5163160376524433,0.863988094015963,-0.32879218860717374,-0.2531046496365981,0.8610503913058486,-0.7393624931512592,0.7381856945219125,0.15576550837707448,-0.6349861551253058,0.27044716351029024,-0.5207517998072982,-0.8856536978941679,0.5907106986169739,1.3909344023173573,-1.7103018001260681,-1.2411423032762936,1.658648111788603,1.7446636442552441,0.6129234032752473,-0.6725492442679737,-0.515021477925163,0.5362724621080682,-0.9138520044026233,1.8917776620320266,0.10185269522307577,-0.39194767146243636,-0.30966176864266615,-0.4302071952432312,-0.5716725051808857,-0.16012815380508713,-0.41259646939878314,1.08108159469569,-0.6740909779287169,-0.5413946885240514,-0.6646569357220442,0.19353857775096445,0.521302802167295,-0.9255342732523074,-1.3621982756017916,0.7072215180225199,-0.011811182333045038,-1.1383260927744085,1.1143080568432764,-0.7567422364446674,-1.4808610158739783,-0.7021082929699173,-0.41525173426895756,0.4763613267095093,-0.8130932109142461,0.563774022673314,-0.24801066530851296,0.8453348344696201,0.7077362399536292,-0.5805058007225344,0.0002748320988659612,1.129278365776447,1.3702806450938059,0.1279837500491801,-0.39927470475234533,0.2828643111695687,0.6518447285406318,-0.7763184987857779,-0.5022919735827684,0.8041112456846411,0.5052822314780715,-0.3149338154897404,-0.21603158562266953,-0.30523636263991905
0.0,-0.024304447647512134,0.008424691656427995,-1.288095524847954,1.1493216332651521,-1.3546313586165353,1.3546313586165353,-1.2177024365962874,-1.046773085957163,-0.912068418098895,-0.32036795754070874,1.2206170606662274,-0.9543846949495196,0.35179530286030575,-0.2822432587775047,-0.44571135868027706,-1.0589605219778861,0.656933485040123,-1.1556801118945228,-1.3535160625942373,-0.7033699271266997,0.16709915261430253,1.3676563894844727,0.863988094015963,-0.9402728640980067,0.8560727955608842,0.350921694706549,-0.7393624931512592,-0.5454636987399429,0.15576550837707448,0.469353924478592,1.8139844810938917,-0.5207517998072982,0.8854579783107721,-0.11467992334638888,-1.0549295761075266,-0.5098179770667338,-0.20661529754929928,1.658648111788603,-1.1232409751389947,-0.34847377741631325,0.07462886072488167,-1.323404751089636,1.8350685480258309,0.24643211204521906,-0.2856536700826777,-1.2538791421088478,-0.39194767146243636,-0.30966176864266615,0.7169339552590924,-0.5716725051808857,-0.16012815380508713,-0.41259646939878314,-0.648554890931044,-0.6740909779287169,2.2526246647538337,-0.6646569357220442,1.2978099252602269,-0.9949426027419808,0.14769697546751853,-1.3621982756017916,0.7072215180225199,-0.9710519945847689,-1.1383260927744085,-0.7428194340123639,-0.7567422364446674,-1.4808610158739783,-0.7021082929699173,-0.41525173426895756,1.70454890938596,0.9450430719827936,0.563774022673314,-0.24801066530851296,-0.8452199089262212,2.158288399641084,1.530685419390582,0.0002748320988659612,0.30027441652612874,1.3702806450938059,-1.0083620856070368,-0.39927470475234533,0.2828643111695687,0.6518447285406318,-0.7763184987857779,-0.5022919735827684,-1.0337859204382358,1.7289476026028898,0.4979234744515167,-0.21603158562266953,0.7120164122534228
0.0,-0.35808941894107776,0.008424691656427995,0.4517924270561007,-0.19776987155079032,0.4827290815148283,-0.4827290815148283,0.3734005651904906,1.5015564615480035,1.4798235603032412,-0.6921100283298751,0.14744948589999174,-0.4091375875211017,0.35179530286030575,0.4460130309702642,-0.44571135868027706,2.3299937425406836,-0.8446978546485364,0.7839852654379047,0.7489873846735868,-0.2421489634852977,0.16709915261430253,-0.3353180824169329,-0.3486194339169915,0.8945911642209313,-0.2531046496365981,-1.1801584477397846,0.33620680277605636,-0.5454636987399429,1.1156777950242323,0.469353924478592,-1.274140179459423,3.101066269265424,-0.8856536978941679,-0.11467992334638888,0.16841823493055733,-0.5098179770667338,-0.20661529754929928,0.13331137112490488,0.7884787632196761,-0.34847377741631325,0.07462886072488167,0.29281224848664894,-0.7634071585620196,0.24643211204521906,-0.2856536700826777,0.10185269522307577,-0.39194767146243636,-0.30966176864266615,-0.4302071952432312,2.815291309760663,-0.16012815380508713,-0.41259646939878314,1.08108159469569,-0.6740909779287169,-0.5413946885240514,-0.6646569357220442,0.19353857775096445,-0.23707767747280864,1.2201986312242445,-0.07989343228419918,0.7072215180225199,-0.011811182333045038,0.5175437523125814,1.1143080568432764,0.8796075188897279,-0.6961081064004871,1.2685926896837634,-0.41525173426895756,-0.7526617577238643,0.9450430719827936,-0.6549505261380968,0.69712865353789,-0.8452199089262212,0.7077362399536292,-0.5805058007225344,0.0002748320988659612,-0.5281659678368675,0.25145912885044697,0.1279837500491801,-0.39927470475234533,-0.9075044536149697,0.6518447285406318,0.05193474404167029,0.3525617304264587,0.8041112456846411,-0.7192155650692812,-0.3149338154897404,0.9364504715913549,-0.30523636263991905
0.0,-0.024304447647512134,0.34778551049282896,0.4517924270561007,-0.581690950423334,0.7126000727123661,-0.7126000727123653,0.6183115174710062,1.4689236035473523,1.4117269915231074,-0.32036795754070874,0.14744948589999174,0.13648581190692188,0.35179530286030575,1.9015211190316677,0.5878222266652928,-1.0589605219778861,-0.8446978546485364,-0.5092736878479067,0.22345219490455492,0.6802929637975061,0.16709915261430253,-0.3353180824169329,-0.3486194339169915,0.282688486883659,-0.5303511768215475,-0.6696827248162676,-0.7393624931512592,0.09614276440012078,1.1156777950242323,0.469353924478592,1.8139844810938917,-0.5207517998072982,-0.8856536978941679,-0.11467992334638888,-1.0549295761075266,-0.5098179770667338,1.8617354324595992,-0.6290976764016629,1.7446636442552441,-0.34847377741631325,0.07462886072488167,1.101195521651122,1.8350685480258309,0.24643211204521906,-0.2856536700826777,1.4566628929646988,0.5041415787794284,-0.30966176864266615,-0.4302071952432312,-0.5716725051808857,-0.16012815380508713,-0.41259646939878314,-0.648554890931044,0.0961490046248891,-0.5413946885240514,-0.6646569357220442,-0.911483974756604,-0.23707767747280864,-0.9255342732523074,1.2015396878224363,-0.6727458038087416,0.9467775287546734,0.5175437523125814,-0.7428194340123639,-0.7567422364446674,0.872864229943182,1.2685926896837634,-0.41525173426895756,-0.7526617577238643,-0.8130932109142461,-0.6549505261380968,1.6429109243018758,-0.8452199089262212,-0.7438026899104839,0.47473088529116186,-1.1548052177063493,0.30027441652612874,0.25145912885044697,-1.0083620856070368,-0.39927470475234533,0.2828643111695687,-1.3934992525089367,0.05193474404167029,1.2079969675676652,-1.0337859204382358,0.5052822314780715,-1.128344069573815,-0.21603158562266953,-0.30523636263991905
0.0,0.3094805236460535,0.6871463293292294,-0.6365889251848433,-0.005135786362110777,-0.20688389207778343,0.20688389207778252,-0.29260449657901766,0.8162664435343877,0.7903458014044056,-0.6921100283298751,2.2934144499979117,-0.4091375875211017,-0.653408435643035,0.4460130309702642,0.5878222266652928,-1.0589605219778861,0.656933485040123,0.13757884139128826,-0.3020829948644768,-0.2421489634852977,-1.405822167067049,0.9419862135684579,-1.5616453909486119,-0.32879218860717374,0.3015797411909854,-0.15955402821696796,0.33620680277605636,-0.5454636987399429,-0.8034942206313018,1.5744452558373225,1.8139844810938917,-0.5207517998072982,1.7713149234646202,-0.8195910139555955,1.3909344023173573,0.6898497455010574,-1.2411423032762936,-0.6290976764016629,-1.1232409751389947,-1.3105249697954193,1.5694933551357577,0.29281224848664894,-0.7634071585620196,1.4075055374158152,-1.3747395216776217,2.812394730296622,-0.39194767146243636,-0.30966176864266615,-0.4302071952432312,-0.5716725051808857,-0.16012815380508713,-0.41259646939878314,-0.648554890931044,0.8669129599557426,-0.5413946885240514,0.44330861701922897,0.19353857775096445,-0.9949426027419808,2.2934298799440707,-0.07989343228419918,-0.6727458038087416,-0.9710519945847689,0.5175437523125814,-0.7428194340123639,0.8796075188897279,0.872864229943182,-0.7021082929699173,-0.41525173426895756,-0.7526617577238643,0.9450430719827936,-0.6549505261380968,-1.1937929360724986,-0.8452199089262212,-0.7438026899104839,2.5859221054042782,-1.1548052177063493,1.129278365776447,-1.985423317969212,0.1279837500491801,-0.39927470475234533,-0.9075044536149697,0.6518447285406318,-0.7763184987857779,-0.5022919735827684,0.8041112456846411,1.7289476026028898,-0.3149338154897404,0.9364504715913549,-0.30523636263991905
0.0,-0.6918743902346446,-0.670296946016374,-1.288095524847954,1.9198579740198718,-1.81437334101161,1.814373341011611,-1.5357048534772235,-2.289788313436394,-2.3080480780915975,-0.6921100283298751,1.2206170606662274,-1.4996318023779378,-0.1506331956189426,-1.7377513468389079,-0.44571135868027706,-1.0589605219778861,1.157822705778231,-0.5092736878479067,-1.3535160625942373,-0.2421489634852977,-1.405822167067049,1.3676563894844727,-0.3486194339169915,-0.9402728640980067,2.5199346315859503,0.350921694706549,-0.7393624931512592,-1.1875066288617346,-0.8034942206313018,0.469353924478592,0.27044716351029024,-0.5207517998072982,1.7713149234646202,-1.5249816359189583,-1.0549295761075266,1.8903335685603917,-1.2411423032762936,-0.6290976764016629,-1.1232409751389947,-1.3105249697954193,2.3171797445537785,-0.515021477925163,0.5362724621080682,-0.9138520044026233,-1.3747395216776217,-1.2538791421088478,-0.39194767146243636,-0.30966176864266615,0.7169339552590924,-0.5716725051808857,-0.16012815380508713,-0.41259646939878314,-0.648554890931044,1.6371529425093485,-0.5413946885240514,-0.6646569357220442,1.2978099252602269,-0.9949426027419808,1.2201986312242445,-0.07989343228419918,-0.6727458038087416,-0.9710519945847689,-1.1383260927744085,-0.7428194340123639,-0.7567422364446674,0.872864229943182,-0.7021082929699173,-0.41525173426895756,-0.7526617577238643,0.9450430719827936,-0.6549505261380968,-1.1937929360724986,-0.8452199089262212,-0.7438026899104839,1.530685419390582,0.0002748320988659612,1.957718750139443,-0.8666018017258531,0.1279837500491801,-0.39927470475234533,0.2828643111695687,0.6518447285406318,-0.7763184987857779,-1.3577272107239748,0.8041112456846411,0.5052822314780715,1.3113337285355913,2.0897165302048446,2.7468678487367724
0.0,0.9747163055947697,-0.330936127179973,-0.6365889251848433,0.18749829882656951,-0.8948893762214615,0.8948893762214615,-0.8718816264719067,-0.16568591993965984,-0.22259065920005924,0.4226034363537772,-0.9253479034316923,-0.4091375875211017,1.8594275398428948,0.4460130309702642,-0.44571135868027706,0.07043109009373473,-0.3441540747523166,-0.5092736878479067,0.22345219490455492,-1.164909193710573,0.16709915261430253,0.5163160376524433,0.863988094015963,0.282688486883659,-0.5303511768215475,0.350921694706549,0.33620680277605636,0.09614276440012078,0.15576550837707448,-0.6349861551253058,-1.274140179459423,-0.5207517998072982,0.00020324725968009203,0.5907106986169739,1.3909344023173573,-1.7103018001260681,-1.2411423032762936,1.658648111788603,1.7446636442552441,1.5749745956543533,-1.4202356336859945,0.29281224848664894,-0.7634071585620196,-0.9138520044026233,1.8917776620320266,0.10185269522307577,-0.39194767146243636,-0.30966176864266615,-0.4302071952432312,-0.5716725051808857,-0.16012815380508713,-0.41259646939878314,1.08108159469569,0.0961490046248891,-0.5413946885240514,-0.6646569357220442,0.19353857775096445,0.521302802167295,-0.9255342732523074,-1.3621982756017916,0.7072215180225199,-0.011811182333045038,0.5175437523125814,1.1143080568432764,-0.7567422364446674,-1.4808610158739783,-0.7021082929699173,-0.41525173426895756,0.4763613267095093,-0.8130932109142461,0.563774022673314,-0.24801066530851296,0.8453348344696201,-0.7438026899104839,-0.5805058007225344,0.0002748320988659612,1.129278365776447,1.3702806450938059,0.1279837500491801,-0.39927470475234533,0.2828643111695687,0.6518447285406318,0.05193474404167029,-0.5022919735827684,0.8041112456846411,-0.7192155650692812,-0.3149338154897404,-0.21603158562266953,-0.30523636263991905
0.0,-1.0256593615282101,-1.007284612273499,0.6679464858228334,0.5727664692039293,0.022987099119754408,-0.022987099119754408,-0.08096652445242562,0.6264025424397084,0.7562975170143339,0.05111773940653423,-0.9253479034316923,0.13648581190692188,-0.653408435643035,-1.009997302808206,-0.44571135868027706,0.07043109009373473,-0.3441540747523166,-0.5092736878479067,-0.8279808728252056,0.6802929637975061,3.312399218220648,-0.7609882583329476,0.863988094015963,0.8945911642209313,0.3015797411909854,0.8610503913058486,0.33620680277605636,-1.1875066288617346,0.15576550837707448,0.469353924478592,-1.274140179459423,-0.5207517998072982,-0.8856536978941679,-1.5249816359189583,0.16841823493055733,-0.5098179770667338,2.8955591567415033,-0.6290976764016629,0.7884787632196761,-0.34847377741631325,-0.6725492442679737,-1.323404751089636,-0.7634071585620196,1.4075055374158152,-0.2856536700826777,0.10185269522307577,0.5041415787794284,-0.30966176864266615,-1.5781287138751485,1.1223852206875329,-0.16012815380508713,-0.41259646939878314,-0.648554890931044,0.0961490046248891,0.856089999905656,-0.6646569357220442,-0.911483974756604,-0.23707767747280864,-0.9255342732523074,-0.07989343228419918,0.7072215180225199,-0.9710519945847689,-1.1383260927744085,-0.7428194340123639,0.8796075188897279,-0.6961081064004871,-0.7021082929699173,1.2460375429287622,2.933571993819334,-0.8130932109142461,1.7816700707717326,1.6429109243018758,0.8453348344696201,-0.7438026899104839,-0.5805058007225344,1.1545696473358924,-1.3571699170871856,-0.8666018017258531,0.1279837500491801,2.504541329810166,1.4724238517768231,1.674864448405955,-0.7763184987857779,1.2079969675676652,-1.0337859204382358,-0.7192155650692812,-1.128344069573815,0.9364504715913549,1.2208157430484265
0.0,1.3085012768883353,-0.330936127179973,1.3209752971673996,-1.7361483700505969,1.1707345656585064,-1.1707345656585073,1.1474064477874868,-1.0853391908670156,-1.0908219111467405,3.0235160626683246,-0.9253479034316923,-0.4091375875211017,-1.1558369341222832,-0.2822432587775047,0.07105543399250784,0.07043109009373473,-0.3441540747523166,-0.5092736878479067,1.8004204524033471,1.603053194022782,0.16709915261430253,-1.1866584342489621,-1.5616453909486119,1.5060718397117643,-1.63952862201903,3.4127349532749984,0.33620680277605636,0.7381856945219125,-0.8034942206313018,-1.7400774864840363,0.27044716351029024,-0.5207517998072982,0.00020324725968009203,-0.8195910139555955,-1.0549295761075266,0.6898497455010574,0.827208426732605,-0.6290976764016629,-0.16705609410342684,0.6129234032752473,-1.4202356336859945,1.101195521651122,-0.7634071585620196,-0.9138520044026233,-0.2856536700826777,1.4566628929646988,-0.39194767146243636,-0.30966176864266615,-0.4302071952432312,-0.5716725051808857,-0.16012815380508713,1.6506488677383777,-0.648554890931044,-0.6740909779287169,-0.5413946885240514,1.5505209640822277,-0.911483974756604,0.521302802167295,-0.9255342732523074,-0.07989343228419918,-0.6727458038087416,0.9467775287546734,2.1722879210942776,1.1143080568432764,0.8796075188897279,1.65708365681336,0.2835772376263305,1.2460375429287622,0.4763613267095093,-0.8130932109142461,-0.6549505261380968,1.6429109243018758,-0.8452199089262212,-0.7438026899104839,-0.5805058007225344,-1.1548052177063493,-0.5281659678368675,-0.8666018017258531,-1.0083620856070368,-0.39927470475234533,-0.9075044536149697,-1.3934992525089367,2.5355683634243174,1.2079969675676652,-1.0337859204382358,-0.7192155650692812,-1.128344069573815,-1.3692976442361595,-1.3224891375332608
0.0,-1.3594443328217771,-0.670296946016374,-1.070419254399765,2.1124920592085514,-1.5845023498140731,1.5845023498140722,-1.379703667837519,-2.073224801250278,-2.26548772260402,-1.4350814222243609,1.2206170606662274,-0.4091375875211017,-0.653408435643035,-1.009997302808206,-0.9628347882010072,-1.0589605219778861,1.157822705778231,-2.4484929599877554,-1.3535160625942373,-0.2421489634852977,0.9532885255767996,1.7933265654004868,0.25768433004948593,-1.5517535395888395,2.5199346315859503,-0.6696827248162676,-0.7393624931512592,-1.1875066288617346,0.15576550837707448,1.5744452558373225,-1.274140179459423,-0.5207517998072982,1.7713149234646202,-1.5249816359189583,-1.0549295761075266,1.8903335685603917,0.827208426732605,-0.6290976764016629,-1.1232409751389947,-0.34847377741631325,0.8223152501429024,-1.323404751089636,1.8350685480258309,0.24643211204521906,-1.3747395216776217,-1.2538791421088478,-0.39194767146243636,-0.30966176864266615,-0.4302071952432312,-0.5716725051808857,-0.16012815380508713,-0.41259646939878314,-0.648554890931044,2.407916897840202,-0.5413946885240514,-0.6646569357220442,0.19353857775096445,-1.7533230823820845,-0.9255342732523074,-0.07989343228419918,-0.6727458038087416,-0.9710519945847689,-1.1383260927744085,-0.7428194340123639,-0.7567422364446674,0.08811132046969085,-0.7021082929699173,-0.41525173426895756,-0.7526617577238643,0.9450430719827936,-0.6549505261380968,-0.24801066530851296,2.5347403224314733,0.7077362399536292,2.5859221054042782,1.1545696473358924,0.30027441652612874,-0.8666018017258531,0.1279837500491801,-0.39927470475234533,1.4724238517768231,-1.3934992525089367,-0.7763184987857779,-1.3577272107239748,2.64075899157222,1.7289476026028898,2.124191018476848,-1.3692976442361595,3.2553212928351103
0.0,1.6422862481819023,0.008424691656427995,0.01643988615972289,-0.9669591208006934,0.022987099119754408,-0.022987099119754408,-0.08096652445242562,-0.13305306193900865,-0.3928320811503893,0.05111773940653423,-0.3889492087658503,1.7722271341921758,0.8542238013395541,1.9015211190316677,-0.44571135868027706,0.07043109009373473,-0.8446978546485364,1.430391689484521,0.7489873846735868,-1.164909193710573,-0.6190902203481943,-0.3353180824169329,0.25768433004948593,-0.32879218860717374,-1.0848442311914466,-0.6696827248162676,0.33620680277605636,1.379792157661976,-0.8034942206313018,0.469353924478592,-1.274140179459423,-0.5207517998072982,0.00020324725968009203,2.001012411189543,1.3909344023173573,-0.5098179770667338,-0.20661529754929928,0.8962390642620351,0.7884787632196761,1.5749745956543533,-1.4202356336859945,1.101195521651122,-0.7634071585620196,0.24643211204521906,1.8917776620320266,1.4566628929646988,-0.39194767146243636,-0.30966176864266615,-1.5781287138751485,-0.5716725051808857,-0.16012815380508713,-0.41259646939878314,1.08108159469569,-0.6740909779287169,0.856089999905656,-0.6646569357220442,-0.911483974756604,0.521302802167295,0.14769697546751853,-0.07989343228419918,0.7072215180225199,0.9467775287546734,0.5175437523125814,1.1143080568432764,-0.7567422364446674,-0.6961081064004871,-0.7021082929699173,-0.41525173426895756,-0.7526617577238643,-0.8130932109142461,0.563774022673314,-1.1937929360724986,0.8453348344696201,-0.7438026899104839,-0.5805058007225344,1.1545696473358924,-0.5281659678368675,0.25145912885044697,0.1279837500491801,-0.39927470475234533,0.2828643111695687,0.6518447285406318,0.8796249323192696,-1.3577272107239748,-1.0337859204382358,-0.7192155650692812,-1.128344069573815,-0.21603158562266953,-0.8136898067382572
0.0,-0.6918743902346446,-0.330936127179973,-0.41891265473665446,0.9580346395812884,-0.6666258744728581,0.6666258744728581,-0.6869711302066628,0.38017279570754553,0.37325431762609595,-1.063595725277118,0.6838481805658335,-0.4091375875211017,-0.1506331956189426,-1.009997302808206,0.07105543399250784,-1.0589605219778861,0.656933485040123,0.13757884139128826,-0.3020829948644768,-0.2421489634852977,-0.6190902203481943,0.9419862135684579,-0.9549231978834688,-0.32879218860717374,1.410757186388468,-0.15955402821696796,-0.7393624931512592,-0.5454636987399429,-0.8034942206313018,0.469353924478592,0.27044716351029024,-0.5207517998072982,0.8854579783107721,-0.8195910139555955,1.3909344023173573,0.6898497455010574,-1.2411423032762936,-0.6290976764016629,-1.1232409751389947,-1.3105249697954193,2.3171797445537785,-0.515021477925163,-0.7634071585620196,1.4075055374158152,-1.3747395216776217,0.10185269522307577,-0.39194767146243636,-0.30966176864266615,0.7169339552590924,-0.5716725051808857,-0.16012815380508713,-0.41259646939878314,-0.648554890931044,0.8669129599557426,-0.5413946885240514,0.44330861701922897,0.19353857775096445,-0.9949426027419808,2.2934298799440707,-0.07989343228419918,-0.6727458038087416,-0.9710519945847689,0.5175437523125814,-0.7428194340123639,0.8796075188897279,0.872864229943182,-0.7021082929699173,-0.41525173426895756,-0.7526617577238643,0.9450430719827936,-0.6549505261380968,-1.1937929360724986,0.8453348344696201,-0.7438026899104839,0.47473088529116186,-1.1548052177063493,1.957718750139443,-0.8666018017258531,0.1279837500491801,-0.39927470475234533,-0.9075044536149697,0.6518447285406318,-0.7763184987857779,-0.5022919735827684,0.8041112456846411,1.7289476026028898,0.4979234744515167,2.0897165302048446,0.7120164122534228
0.0,0.6409313343012027,-0.330936127179973,-0.41891265473665446,0.18749829882656951,-0.6666258744728581,0.6666258744728581,-0.6869711302066628,0.2704077278871823,0.22854910896831257,-0.32036795754070874,-0.9253479034316923,0.13648581190692188,1.8594275398428948,0.4460130309702642,-0.44571135868027706,0.07043109009373473,-0.3441540747523166,0.13757884139128826,0.22345219490455492,-1.164909193710573,0.16709915261430253,0.5163160376524433,0.863988094015963,0.282688486883659,-0.5303511768215475,-0.6696827248162676,0.33620680277605636,0.7381856945219125,-0.8034942206313018,-0.6349861551253058,-1.274140179459423,-0.5207517998072982,0.00020324725968009203,1.2956217892261805,1.3909344023173573,-1.7103018001260681,-1.2411423032762936,1.658648111788603,1.7446636442552441,1.5749745956543533,-1.4202356336859945,0.29281224848664894,-0.7634071585620196,-0.9138520044026233,1.8917776620320266,0.10185269522307577,-0.39194767146243636,-0.30966176864266615,-0.4302071952432312,-0.5716725051808857,-0.16012815380508713,-0.41259646939878314,1.08108159469569,0.0961490046248891,-0.5413946885240514,-0.6646569357220442,0.19353857775096445,0.521302802167295,-0.9255342732523074,-1.3621982756017916,0.7072215180225199,-0.011811182333045038,0.5175437523125814,1.1143080568432764,-0.7567422364446674,-1.4808610158739783,-0.7021082929699173,-0.41525173426895756,0.4763613267095093,-0.8130932109142461,0.563774022673314,-0.24801066530851296,0.8453348344696201,-0.7438026899104839,-0.5805058007225344,1.1545696473358924,1.129278365776447,1.3702806450938059,0.1279837500491801,-0.39927470475234533,0.2828643111695687,0.6518447285406318,0.05193474404167029,-0.5022919735827684,0.8041112456846411,-0.7192155650692812,-0.3149338154897404,-0.21603158562266953,-0.30523636263991905
0.0,-1.0256593615282101,-0.330936127179973,1.103299026719211,-0.19776987155079032,0.9408635744609694,-0.9408635744609685,0.8757680196456231,1.4184910048190833,1.4457752759131697,-0.6921100283298751,-0.3889492087658503,0.13648581190692188,-0.1506331956189426,1.1737670750009659,-0.44571135868027706,0.07043109009373473,-0.8446978546485364,-1.1556801118945228,0.7489873846735868,1.1418322303813797,1.7394778985392962,-0.3353180824169329,-0.3486194339169915,0.8945911642209313,-0.2531046496365981,-1.1801584477397846,0.33620680277605636,-0.5454636987399429,1.1156777950242323,0.469353924478592,-1.274140179459423,1.2907729807455666,-0.8856536978941679,-0.11467992334638888,0.16841823493055733,-0.5098179770667338,-0.20661529754929928,0.13331137112490488,0.7884787632196761,-1.3105249697954193,0.07462886072488167,1.101195521651122,-0.7634071585620196,0.24643211204521906,0.8026918104370826,0.10185269522307577,-0.39194767146243636,-0.30966176864266615,-0.4302071952432312,1.1223852206875329,-0.16012815380508713,-0.41259646939878314,-0.648554890931044,-0.6740909779287169,-0.5413946885240514,-0.6646569357220442,0.19353857775096445,-0.9949426027419808,0.14769697546751853,-0.07989343228419918,-0.6727458038087416,0.9467775287546734,0.5175437523125814,-0.7428194340123639,0.8796075188897279,-1.4808610158739783,1.2685926896837634,2.9061974596389235,1.70454890938596,0.9450430719827936,-0.6549505261380968,2.588050243148279,-0.8452199089262212,0.7077362399536292,-0.5805058007225344,1.1545696473358924,-1.3571699170871856,0.25145912885044697,0.1279837500491801,-0.39927470475234533,-0.9075044536149697,-0.3704795326436135,0.05193474404167029,1.2079969675676652,0.8041112456846411,-0.7192155650692812,-0.3149338154897404,0.9364504715913549,-0.30523636263991905
0.0,0.3094805236460535,-1.007284612273499,1.538651567615589,-0.9669591208006934,0.9408635744609694,-0.9408635744609685,0.8757680196456231,-0.15678604957584769,-0.07788545054227586,0.4226034363537772,-1.462116783532086,0.6817329193353401,0.8542238013395541,0.4460130309702642,-0.44571135868027706,0.07043109009373473,-1.3455870753866446,1.430391689484521,1.2745225744426183,1.603053194022782,-0.6190902203481943,-1.1866584342489621,-0.9549231978834688,0.8945911642209313,-0.8075977040064971,-0.6696827248162676,-0.7393624931512592,1.379792157661976,1.1156777950242323,-1.7400774864840363,0.27044716351029024,-0.5207517998072982,-0.8856536978941679,1.2956217892261805,-1.0549295761075266,0.6898497455010574,-0.20661529754929928,-0.6290976764016629,0.7884787632196761,1.5749745956543533,0.07462886072488167,0.29281224848664894,-0.7634071585620196,-0.9138520044026233,1.8917776620320266,0.10185269522307577,-0.39194767146243636,-0.30966176864266615,-0.4302071952432312,-0.5716725051808857,-0.16012815380508713,1.6506488677383777,-0.648554890931044,-0.6740909779287169,-0.5413946885240514,-0.6646569357220442,-0.911483974756604,2.0375482070765707,-0.9255342732523074,1.2015396878224363,-0.6727458038087416,1.9060183410063973,0.5175437523125814,1.1143080568432764,-0.7567422364446674,1.65708365681336,1.2685926896837634,-0.41525173426895756,0.4763613267095093,-0.8130932109142461,-0.6549505261380968,0.69712865353789,-0.8452199089262212,-0.7438026899104839,-0.5805058007225344,-1.1548052177063493,-0.5281659678368675,0.25145912885044697,-1.0083620856070368,-0.39927470475234533,-0.9075044536149697,-1.3934992525089367,0.8796249323192696,2.0628506715768924,-1.0337859204382358,-0.7192155650692812,-1.128344069573815,-0.21603158562266953,-0.8136898067382572
0.0,-0.6918743902346446,3.0602989086047603,-1.288095524847954,-0.19776987155079032,0.7126000727123661,-0.7126000727123653,0.6183115174710062,0.15470941315761103,0.37325431762609595,0.7940891333010198,1.2206170606662274,-2.044878909806356,-1.6582654326015314,0.4460130309702642,3.1720128268771624,0.07043109009373473,1.157822705778231,-1.1556801118945228,-0.8279808728252056,-0.7033699271266997,-0.6190902203481943,-1.1866584342489621,1.470710287081106,-0.32879218860717374,0.024333214006035893,0.8610503913058486,3.56145232577768,-1.1875066288617346,-1.7634065072784595,1.5744452558373225,0.27044716351029024,-0.5207517998072982,0.8854579783107721,-0.8195910139555955,-1.0549295761075266,-0.5098179770667338,-1.2411423032762936,-1.3920253695387932,-1.1232409751389947,-0.34847377741631325,0.07462886072488167,0.29281224848664894,-0.7634071585620196,0.24643211204521906,0.8026918104370826,0.10185269522307577,3.1911909892599626,3.2293298729878037,1.8648554738910097,-0.5716725051808857,-0.16012815380508713,-0.41259646939878314,1.08108159469569,0.0961490046248891,-0.5413946885240514,1.5505209640822277,1.2978099252602269,0.521302802167295,0.14769697546751853,-1.3621982756017916,-2.053651878920161,-0.9710519945847689,0.5175437523125814,-0.7428194340123639,-0.7567422364446674,0.08811132046969085,-0.7021082929699173,-0.41525173426895756,-0.7526617577238643,-0.8130932109142461,1.7816700707717326,-1.1937929360724986,-0.8452199089262212,-0.7438026899104839,-0.5805058007225344,-1.1548052177063493,-0.5281659678368675,0.25145912885044697,2.399902922493051,-0.39927470475234533,0.2828643111695687,-0.3704795326436135,0.05193474404167029,-0.5022919735827684,0.8041112456846411,-0.7192155650692812,1.3113337285355913,-0.21603158562266953,-0.30523636263991905
0.0,-0.35808941894107776,-0.330936127179973,0.6679464858228334,-0.19776987155079032,0.4827290815148283,-0.4827290815148283,0.3734005651904906,1.2938928197256931,1.3095821383529114,-0.6921100283298751,0.14744948589999174,-0.4091375875211017,0.35179530286030575,0.4460130309702642,-0.9628347882010072,3.459385354612304,-1.3455870753866446,0.7839852654379047,0.7489873846735868,-0.2421489634852977,0.9532885255767996,-0.3353180824169329,-0.3486194339169915,0.8945911642209313,-0.2531046496365981,-1.1801584477397846,0.33620680277605636,-0.5454636987399429,1.1156777950242323,0.469353924478592,-1.274140179459423,3.101066269265424,-0.8856536978941679,-0.11467992334638888,0.16841823493055733,-0.5098179770667338,-0.20661529754929928,0.13331137112490488,0.7884787632196761,-0.34847377741631325,0.07462886072488167,0.29281224848664894,-0.7634071585620196,0.24643211204521906,-0.2856536700826777,0.10185269522307577,-0.39194767146243636,-0.30966176864266615,-1.5781287138751485,2.815291309760663,-0.16012815380508713,-0.41259646939878314,2.8095422567427994,-0.6740909779287169,-0.5413946885240514,-0.6646569357220442,-0.911483974756604,-0.23707767747280864,1.2201986312242445,-0.07989343228419918,0.7072215180225199,-0.011811182333045038,-1.1383260927744085,2.9701730545032294,0.8796075188897279,-0.6961081064004871,1.2685926896837634,-0.41525173426895756,-0.7526617577238643,0.9450430719827936,-0.6549505261380968,0.69712865353789,0.8453348344696201,0.7077362399536292,-0.5805058007225344,0.0002748320988659612,-0.5281659678368675,0.25145912885044697,0.1279837500491801,-0.39927470475234533,-0.9075044536149697,0.6518447285406318,0.05193474404167029,0.3525617304264587,0.8041112456846411,-0.7192155650692812,-0.3149338154897404,0.9364504715913549,-0.30523636263991905
0.0,0.9747163055947697,-1.007284612273499,1.7563278380637775,-1.5448613763667332,1.1707345656585064,-1.1707345656585073,1.1474064477874868,-1.3671684190544338,-1.2951116174871424,1.1658312040901866,-1.462116783532086,1.2269800267637583,-0.1506331956189426,0.4460130309702642,-0.44571135868027706,0.07043109009373473,-1.3455870753866446,1.430391689484521,1.2745225744426183,1.603053194022782,0.16709915261430253,-1.1866584342489621,-0.9549231978834688,0.8945911642209313,-1.3622820948340806,-0.15955402821696796,-0.7393624931512592,2.0218350877837676,0.15576550837707448,-1.7400774864840363,0.27044716351029024,-0.5207517998072982,-0.8856536978941679,1.2956217892261805,-1.0549295761075266,0.6898497455010574,0.827208426732605,-0.6290976764016629,0.7884787632196761,0.6129234032752473,-0.6725492442679737,1.101195521651122,-0.7634071585620196,-0.9138520044026233,0.8026918104370826,0.10185269522307577,-0.39194767146243636,-0.30966176864266615,-0.4302071952432312,-0.5716725051808857,-0.16012815380508713,1.6506488677383777,-0.648554890931044,-0.6740909779287169,-0.5413946885240514,-0.6646569357220442,-0.911483974756604,2.0375482070765707,-0.9255342732523074,1.2015396878224363,-0.6727458038087416,1.9060183410063973,0.5175437523125814,1.1143080568432764,-0.7567422364446674,1.65708365681336,1.2685926896837634,-0.41525173426895756,0.4763613267095093,-0.8130932109142461,-0.6549505261380968,1.6429109243018758,-0.8452199089262212,-0.7438026899104839,-0.5805058007225344,-1.1548052177063493,-0.5281659678368675,0.25145912885044697,-1.0083620856070368,-0.39927470475234533,-0.9075044536149697,-1.3934992525089367,1.7078781751467178,1.2079969675676652,-1.0337859204382358,-0.7192155650692812,-1.128344069573815,-0.21603158562266953,-1.3224891375332608
0.0,0.6409313343012027,-0.330936127179973,1.3209752971673996,-1.3522272911780533,1.1707345656585064,-1.1707345656585073,1.1474064477874868,-0.032187864482464204,-0.04383716615221363,2.6520303657210813,-0.9253479034316923,-0.4091375875211017,-1.6582654326015314,-1.009997302808206,0.07105543399250784,0.07043109009373473,0.15638970514390335,-1.1556801118945228,2.325955642172379,2.064274157664184,-0.6190902203481943,-1.1866584342489621,-2.167949154915089,1.5060718397117643,-0.8075977040064971,3.4127349532749984,0.33620680277605636,0.09614276440012078,-0.8034942206313018,-1.7400774864840363,0.27044716351029024,-0.5207517998072982,0.00020324725968009203,-0.11467992334638888,-1.0549295761075266,0.6898497455010574,-0.20661529754929928,-0.6290976764016629,-1.1232409751389947,-0.34847377741631325,-0.6725492442679737,0.29281224848664894,-0.7634071585620196,-0.9138520044026233,-0.2856536700826777,1.4566628929646988,-0.39194767146243636,-0.30966176864266615,-0.4302071952432312,-0.5716725051808857,-0.16012815380508713,1.6506488677383777,-0.648554890931044,-0.6740909779287169,-0.5413946885240514,2.658486516823501,-0.911483974756604,-0.23707767747280864,-0.9255342732523074,-0.07989343228419918,-0.6727458038087416,0.9467775287546734,2.1722879210942776,1.1143080568432764,2.514844867864276,0.08811132046969085,2.2542782202800113,2.9061974596389235,0.4763613267095093,-0.8130932109142461,-0.6549505261380968,0.69712865353789,-0.8452199089262212,0.7077362399536292,-0.5805058007225344,-1.1548052177063493,-1.3571699170871856,-1.985423317969212,-1.0083620856070368,-0.39927470475234533,-0.9075044536149697,-1.3934992525089367,2.5355683634243174,1.2079969675676652,-1.0337859204382358,-0.7192155650692812,-1.128344069573815,-0.21603158562266953,-0.30523636263991905
0.0,0.6409313343012027,0.6871463293292294,-0.8542651956330323,-0.005135786362110777,-0.43675488327532036,0.43675488327532125,-0.4944242122667476,0.35347318461610905,0.3392060332360243,-0.6921100283298751,2.2934144499979117,-0.4091375875211017,-0.1506331956189426,0.4460130309702642,0.5878222266652928,-1.0589605219778861,0.656933485040123,-0.5092736878479067,-0.3020829948644768,-0.2421489634852977,-1.405822167067049,1.3676563894844727,-1.5616453909486119,-0.9402728640980067,0.3015797411909854,-0.15955402821696796,0.33620680277605636,-0.5454636987399429,-0.8034942206313018,1.5744452558373225,1.8139844810938917,-0.5207517998072982,1.7713149234646202,-0.8195910139555955,1.3909344023173573,0.6898497455010574,-1.2411423032762936,0.13331137112490488,-1.1232409751389947,-1.3105249697954193,1.5694933551357577,0.29281224848664894,-0.7634071585620196,1.4075055374158152,-0.2856536700826777,2.812394730296622,-0.39194767146243636,-0.30966176864266615,-0.4302071952432312,-0.5716725051808857,-0.16012815380508713,-0.41259646939878314,-0.648554890931044,0.8669129599557426,-0.5413946885240514,0.44330861701922897,0.19353857775096445,-1.7533230823820845,2.2934298799440707,-0.07989343228419918,-0.6727458038087416,-0.9710519945847689,0.5175437523125814,-0.7428194340123639,0.8796075188897279,0.872864229943182,-0.7021082929699173,-0.41525173426895756,-0.7526617577238643,0.9450430719827936,-0.6549505261380968,-1.1937929360724986,-0.8452199089262212,-0.7438026899104839,2.5859221054042782,-1.1548052177063493,1.129278365776447,-1.985423317969212,0.1279837500491801,-0.39927470475234533,-0.9075044536149697,-0.3704795326436135,-0.7763184987857779,-0.5022919735827684,0.8041112456846411,1.7289476026028898,-0.3149338154897404,0.9364504715913549,-0.30523636263991905
0.0,-1.6932293041153428,2.720938089768359,-0.6365889251848433,-0.005135786362110777,1.1707345656585064,-1.1707345656585073,1.1474064477874868,1.3858581468184321,1.4117269915231074,0.4226034363537772,0.6838481805658335,-2.044878909806356,-1.6582654326015314,-1.009997302808206,3.1720128268771624,1.2006021304690626,1.157822705778231,-1.1556801118945228,-0.3020829948644768,-0.7033699271266997,0.16709915261430253,-1.1866584342489621,0.863988094015963,0.8945911642209313,0.024333214006035893,0.350921694706549,2.486614212240526,-0.5454636987399429,-0.8034942206313018,-0.6349861551253058,0.27044716351029024,1.2907729807455666,0.8854579783107721,-0.8195910139555955,0.16841823493055733,-1.7103018001260681,-1.2411423032762936,-1.3920253695387932,-1.1232409751389947,1.5749745956543533,-1.4202356336859945,1.101195521651122,-0.7634071585620196,-0.9138520044026233,-1.3747395216776217,0.10185269522307577,3.1911909892599626,3.2293298729878037,1.8648554738910097,-0.5716725051808857,-0.16012815380508713,-0.41259646939878314,2.8095422567427994,0.0961490046248891,-0.5413946885240514,1.5505209640822277,1.2978099252602269,-0.23707767747280864,0.14769697546751853,-1.3621982756017916,-0.6727458038087416,-0.011811182333045038,0.5175437523125814,-0.7428194340123639,-0.7567422364446674,0.08811132046969085,-0.7021082929699173,-0.41525173426895756,-0.7526617577238643,-0.8130932109142461,1.7816700707717326,-1.1937929360724986,0.8453348344696201,-0.7438026899104839,-0.5805058007225344,-1.1548052177063493,-0.5281659678368675,-0.8666018017258531,2.399902922493051,-0.39927470475234533,0.2828643111695687,-0.3704795326436135,0.05193474404167029,0.3525617304264587,0.8041112456846411,-0.7192155650692812,1.3113337285355913,-0.21603158562266953,-0.30523636263991905
0.0,0.3094805236460535,-0.330936127179973,-0.6365889251848433,0.5727664692039293,-0.8948893762214615,0.8948893762214615,-0.8718816264719067,0.04791096879185845,0.058307687017982515,0.05111773940653423,-0.3889492087658503,0.13648581190692188,0.35179530286030575,-0.2822432587775047,-0.44571135868027706,-1.0589605219778861,0.656933485040123,-0.5092736878479067,-0.8279808728252056,-0.7033699271266997,0.9532885255767996,0.9419862135684579,0.863988094015963,-0.32879218860717374,0.024333214006035893,0.350921694706549,-0.7393624931512592,-0.5454636987399429,0.15576550837707448,0.469353924478592,0.27044716351029024,-0.5207517998072982,-0.8856536978941679,-0.11467992334638888,0.16841823493055733,-0.5098179770667338,0.827208426732605,1.658648111788603,-1.1232409751389947,-0.34847377741631325,0.07462886072488167,-1.323404751089636,0.5362724621080682,1.4075055374158152,-0.2856536700826777,-1.2538791421088478,-0.39194767146243636,-0.30966176864266615,0.7169339552590924,-0.5716725051808857,-0.16012815380508713,-0.41259646939878314,-0.648554890931044,0.0961490046248891,2.2526246647538337,-0.6646569357220442,0.19353857775096445,-0.23707767747280864,0.14769697546751853,-1.3621982756017916,0.7072215180225199,-0.9710519945847689,-1.1383260927744085,-0.7428194340123639,0.8796075188897279,-1.4808610158739783,-0.7021082929699173,-0.41525173426895756,1.70454890938596,0.9450430719827936,0.563774022673314,0.69712865353789,-0.8452199089262212,2.158288399641084,-0.5805058007225344,1.1545696473358924,0.30027441652612874,1.3702806450938059,-1.0083620856070368,-0.39927470475234533,1.4724238517768231,1.674864448405955,-0.7763184987857779,-0.5022919735827684,-1.0337859204382358,-0.7192155650692812,0.4979234744515167,-0.21603158562266953,0.20356296815508473
0.0,-1.6932293041153428,0.34778551049282896,-1.070419254399765,1.7272238888311922,-0.8948893762214615,0.8948893762214615,-0.8718816264719067,-0.8005433392250001,-0.912068418098895,-2.1783091899607703,1.7570157553320696,-0.4091375875211017,-1.1558369341222832,-1.009997302808206,0.07105543399250784,-1.0589605219778861,1.658366485674451,-1.1556801118945228,-1.3535160625942373,-0.2421489634852977,0.16709915261430253,1.3676563894844727,0.25768433004948593,-1.5517535395888395,2.242688104401001,-1.1801584477397846,-0.7393624931512592,-1.1875066288617346,-0.8034942206313018,1.5744452558373225,0.27044716351029024,-0.5207517998072982,1.7713149234646202,-1.5249816359189583,-1.0549295761075266,1.8903335685603917,0.827208426732605,-0.6290976764016629,-1.1232409751389947,-1.3105249697954193,0.8223152501429024,-1.323404751089636,1.8350685480258309,0.24643211204521906,-1.3747395216776217,0.10185269522307577,-0.39194767146243636,-0.30966176864266615,0.7169339552590924,-0.5716725051808857,-0.16012815380508713,-0.41259646939878314,-0.648554890931044,3.1786808531710555,-0.5413946885240514,-0.6646569357220442,0.19353857775096445,-0.9949426027419808,0.14769697546751853,-0.07989343228419918,-0.6727458038087416,-0.9710519945847689,-1.1383260927744085,-0.7428194340123639,-0.7567422364446674,0.872864229943182,-0.7021082929699173,-0.41525173426895756,-0.7526617577238643,-0.8130932109142461,-0.6549505261380968,-0.24801066530851296,2.5347403224314733,-0.7438026899104839,1.530685419390582,1.1545696473358924,0.30027441652612874,-1.985423317969212,1.2635570868368338,-0.39927470475234533,1.4724238517768231,-0.3704795326436135,-0.7763184987857779,-1.3577272107239748,0.8041112456846411,0.5052822314780715,2.124191018476848,-0.21603158562266953,2.7468678487367724
0.0,-0.024304447647512134,0.34778551049282896,-1.5057717952961425,1.1493216332651521,-1.3546313586165353,1.3546313586165353,-1.2177024365962874,-1.3315689375991786,-1.0908219111467405,-0.32036795754070874,1.2206170606662274,-0.9543846949495196,-0.1506331956189426,-0.2822432587775047,0.07105543399250784,-1.0589605219778861,1.157822705778231,-1.1556801118945228,-1.3535160625942373,-1.164909193710573,0.16709915261430253,1.3676563894844727,0.863988094015963,-0.9402728640980067,0.8560727955608842,0.350921694706549,-0.7393624931512592,-0.5454636987399429,0.15576550837707448,0.469353924478592,1.8139844810938917,-0.5207517998072982,0.8854579783107721,-0.11467992334638888,-1.0549295761075266,-0.5098179770667338,-0.20661529754929928,1.658648111788603,-1.1232409751389947,-0.34847377741631325,-0.6725492442679737,-1.323404751089636,1.8350685480258309,0.24643211204521906,-0.2856536700826777,-1.2538791421088478,-0.39194767146243636,-0.30966176864266615,1.8648554738910097,-0.5716725051808857,-0.16012815380508713,-0.41259646939878314,-0.648554890931044,-0.6740909779287169,2.2526246647538337,-0.6646569357220442,2.4028324777677956,-0.9949426027419808,0.14769697546751853,-1.3621982756017916,-0.6727458038087416,-0.9710519945847689,-1.1383260927744085,-0.7428194340123639,-0.7567422364446674,-1.4808610158739783,-0.7021082929699173,-0.41525173426895756,0.4763613267095093,0.9450430719827936,-0.6549505261380968,-0.24801066530851296,0.8453348344696201,2.158288399641084,1.530685419390582,0.0002748320988659612,0.30027441652612874,1.3702806450938059,0.1279837500491801,-0.39927470475234533,0.2828643111695687,0.6518447285406318,-0.7763184987857779,-1.3577272107239748,0.8041112456846411,1.7289476026028898,1.3113337285355913,-1.3692976442361595,0.7120164122534228
0.0,-0.024304447647512134,-1.007284612273499,0.4517924270561007,0.18749829882656951,-0.20688389207778343,0.20688389207778252,-0.29260449657901766,0.4721381228002844,0.5775440239664883,1.5373169010374295,-1.462116783532086,-0.4091375875211017,-0.653408435643035,-1.009997302808206,-0.44571135868027706,0.07043109009373473,-0.3441540747523166,-0.5092736878479067,-0.8279808728252056,0.6802929637975061,2.5262098452581507,-0.7609882583329476,1.470710287081106,0.8945911642209313,-0.2531046496365981,2.902606256675699,-0.7393624931512592,-1.1875066288617346,0.15576550837707448,-0.6349861551253058,-1.274140179459423,-0.5207517998072982,-0.8856536978941679,-1.5249816359189583,0.16841823493055733,-0.5098179770667338,1.8617354324595992,-0.6290976764016629,0.7884787632196761,-0.34847377741631325,-0.6725492442679737,-1.323404751089636,0.5362724621080682,0.24643211204521906,-0.2856536700826777,0.10185269522307577,0.5041415787794284,-0.30966176864266615,-1.5781287138751485,1.1223852206875329,-0.16012815380508713,-0.41259646939878314,-0.648554890931044,-0.6740909779287169,0.856089999905656,0.44330861701922897,-0.911483974756604,-0.23707767747280864,-0.9255342732523074,-0.07989343228419918,0.7072215180225199,-0.9710519945847689,-1.1383260927744085,-0.7428194340123639,0.8796075188897279,-0.6961081064004871,-0.7021082929699173,1.2460375429287622,2.933571993819334,0.9450430719827936,1.7816700707717326,0.69712865353789,0.8453348344696201,0.7077362399536292,-1.6364603348219546,1.1545696473358924,-1.3571699170871856,0.25145912885044697,0.1279837500491801,2.504541329810166,1.4724238517768231,1.674864448405955,-0.7763184987857779,1.2079969675676652,-1.0337859204382358,-0.7192155650692812,-1.128344069573815,0.9364504715913549,0.20356296815508473
0.0,-0.35808941894107776,-0.330936127179973,-0.6365889251848433,0.9580346395812884,-0.8948893762214615,0.8948893762214615,-0.8718816264719067,0.04791096879185845,0.058307687017982515,-0.32036795754070874,-0.9253479034316923,-2.044878909806356,2.361856038322143,-1.009997302808206,0.5878222266652928,-1.0589605219778861,0.15638970514390335,-0.5092736878479067,-0.3020829948644768,-0.2421489634852977,-0.6190902203481943,0.9419862135684579,0.25768433004948593,1.5060718397117643,0.024333214006035893,0.350921694706549,-0.7393624931512592,-0.5454636987399429,0.15576550837707448,-0.6349861551253058,0.27044716351029024,-0.5207517998072982,-0.8856536978941679,-0.11467992334638888,-1.0549295761075266,-1.7103018001260681,-1.2411423032762936,1.658648111788603,0.7884787632196761,1.5749745956543533,0.07462886072488167,-1.323404751089636,0.5362724621080682,-2.0749254297732196,0.8026918104370826,0.10185269522307577,-0.39194767146243636,-0.30966176864266615,1.8648554738910097,-0.5716725051808857,-0.16012815380508713,-0.41259646939878314,-0.648554890931044,-0.6740909779287169,-0.5413946885240514,1.5505209640822277,0.19353857775096445,-0.23707767747280864,-0.9255342732523074,-1.3621982756017916,2.088127593133939,-0.011811182333045038,0.5175437523125814,-0.7428194340123639,-0.7567422364446674,-0.6961081064004871,0.2835772376263305,-0.41525173426895756,0.4763613267095093,-0.8130932109142461,-0.6549505261380968,-0.24801066530851296,0.8453348344696201,0.7077362399536292,-0.5805058007225344,0.0002748320988659612,1.957718750139443,-0.8666018017258531,1.2635570868368338,-0.39927470475234533,0.2828643111695687,0.6518447285406318,0.05193474404167029,1.2079969675676652,0.8041112456846411,1.7289476026028898,-0.3149338154897404,-0.21603158562266953,-0.30523636263991905
0.0,0.9747163055947697,-0.330936127179973,0.01643988615972289,-0.38905686523465405,-0.20688389207778343,0.20688389207778252,-0.29260449657901766,0.4157722771628008,0.30515774884596203,0.05111773940653423,-0.3889492087658503,1.2269800267637583,0.8542238013395541,1.1737670750009659,-0.44571135868027706,0.07043109009373473,-0.8446978546485364,0.7839852654379047,-0.3020829948644768,-0.2421489634852977,-0.6190902203481943,0.09035209349908155,0.25768433004948593,-0.9402728640980067,-0.2531046496365981,-1.1801584477397846,0.33620680277605636,0.09614276440012078,2.0749375240326087,0.469353924478592,-1.274140179459423,1.2907729807455666,-0.8856536978941679,-0.11467992334638888,1.3909344023173573,0.6898497455010574,-0.20661529754929928,0.13331137112490488,0.7884787632196761,-0.34847377741631325,0.8223152501429024,1.101195521651122,-0.7634071585620196,1.4075055374158152,-0.2856536700826777,0.10185269522307577,-0.39194767146243636,-0.30966176864266615,-0.4302071952432312,1.1223852206875329,-0.16012815380508713,-0.41259646939878314,-0.648554890931044,0.0961490046248891,-0.5413946885240514,-0.6646569357220442,-0.911483974756604,0.521302802167295,0.14769697546751853,-0.07989343228419918,0.7072215180225199,-0.011811182333045038,-1.1383260927744085,-0.7428194340123639,0.8796075188897279,0.872864229943182,-0.7021082929699173,-0.41525173426895756,-0.7526617577238643,0.9450430719827936,-0.6549505261380968,-0.24801066530851296,-0.8452199089262212,0.7077362399536292,-0.5805058007225344,1.1545696473358924,-0.5281659678368675,0.25145912885044697,1.2635570868368338,-0.39927470475234533,-0.9075044536149697,-0.3704795326436135,-0.7763184987857779,-0.5022919735827684,0.8041112456846411,-0.7192155650692812,0.4979234744515167,-0.21603158562266953,-0.30523636263991905
0.0,-2.0246801147704923,3.0602989086047603,-0.6365889251848433,-0.005135786362110777,1.400605556856044,-1.400605556856044,1.433772260587644,1.2612599617250486,1.2755338539628396,0.4226034363537772,0.14744948589999174,-2.5905023092343793,-1.1558369341222832,-1.7377513468389079,3.689136256397893,1.2006021304690626,1.157822705778231,-1.1556801118945228,0.22345219490455492,-1.164909193710573,0.9532885255767996,-1.6126223784023237,0.863988094015963,2.1175525152025974,-0.2531046496365981,0.350921694706549,2.486614212240526,-0.5454636987399429,-0.8034942206313018,-0.6349861551253058,-1.274140179459423,1.2907729807455666,0.8854579783107721,-1.5249816359189583,0.16841823493055733,-1.7103018001260681,-1.2411423032762936,-1.3920253695387932,-1.1232409751389947,1.5749745956543533,-0.6725492442679737,1.101195521651122,-0.7634071585620196,-2.0749254297732196,-1.3747395216776217,0.10185269522307577,4.087280239501827,3.2293298729878037,0.7169339552590924,-0.5716725051808857,-0.16012815380508713,-0.41259646939878314,2.8095422567427994,-0.6740909779287169,-0.5413946885240514,2.658486516823501,1.2978099252602269,-0.9949426027419808,-0.9255342732523074,-1.3621982756017916,2.088127593133939,-0.011811182333045038,0.5175437523125814,-0.7428194340123639,0.8796075188897279,-0.6961081064004871,-0.7021082929699173,-0.41525173426895756,-0.7526617577238643,-0.8130932109142461,3.0003946195831435,-1.1937929360724986,0.8453348344696201,-0.7438026899104839,-0.5805058007225344,-1.1548052177063493,-1.3571699170871856,-1.985423317969212,3.5354762592807045,-0.39927470475234533,0.2828643111695687,1.674864448405955,0.8796249323192696,-0.5022919735827684,2.64075899157222,-0.7192155650692812,0.4979234744515167,0.9364504715913549,-0.8136898067382572
0.0,0.6409313343012027,-0.670296946016374,1.974004108511966,-1.7361483700505969,1.630476548053581,-1.630476548053581,1.7370472928102865,-1.3167358203261583,-1.2270150487070084,0.7940891333010198,-0.9253479034316923,0.6817329193353401,-0.1506331956189426,0.4460130309702642,-0.44571135868027706,1.2006021304690626,-1.3455870753866446,1.430391689484521,1.2745225744426183,2.5254951213055854,-0.6190902203481943,-1.1866584342489621,-0.9549231978834688,0.282688486883659,-1.3622820948340806,-0.6696827248162676,0.33620680277605636,1.379792157661976,0.15576550837707448,-1.7400774864840363,0.27044716351029024,1.2907729807455666,-0.8856536978941679,1.2956217892261805,-1.0549295761075266,0.6898497455010574,-0.20661529754929928,-0.6290976764016629,0.7884787632196761,0.6129234032752473,-0.6725492442679737,1.101195521651122,-0.7634071585620196,-0.9138520044026233,0.8026918104370826,0.10185269522307577,-0.39194767146243636,-0.30966176864266615,-0.4302071952432312,-0.5716725051808857,-0.16012815380508713,3.712491590778232,-0.648554890931044,-0.6740909779287169,-0.5413946885240514,-0.6646569357220442,-0.911483974756604,2.0375482070765707,-0.9255342732523074,1.2015396878224363,-0.6727458038087416,1.9060183410063973,0.5175437523125814,1.1143080568432764,-0.7567422364446674,1.65708365681336,2.2542782202800113,1.2460375429287622,0.4763613267095093,-0.8130932109142461,-0.6549505261380968,0.69712865353789,-0.8452199089262212,-0.7438026899104839,-0.5805058007225344,-1.1548052177063493,-0.5281659678368675,0.25145912885044697,-1.0083620856070368,-0.39927470475234533,-0.9075044536149697,-1.3934992525089367,0.8796249323192696,1.2079969675676652,-1.0337859204382358,-0.7192155650692812,-1.128344069573815,-0.21603158562266953,-1.3224891375332608
0.0,-1.3594443328217771,-0.670296946016374,0.4517924270561007,0.7654005543926089,0.022987099119754408,-0.022987099119754408,-0.08096652445242562,0.851865924989643,0.8924906545746016,-0.32036795754070874,-0.9253479034316923,0.13648581190692188,-0.653408435643035,-0.2822432587775047,-0.44571135868027706,0.07043109009373473,-0.3441540747523166,-1.1556801118945228,-0.8279808728252056,0.6802929637975061,3.312399218220648,-0.3353180824169329,1.470710287081106,0.282688486883659,0.3015797411909854,0.8610503913058486,-0.7393624931512592,-1.1875066288617346,0.15576550837707448,0.469353924478592,-1.274140179459423,-0.5207517998072982,-0.8856536978941679,-1.5249816359189583,0.16841823493055733,-0.5098179770667338,2.8955591567415033,-0.6290976764016629,0.7884787632196761,-0.34847377741631325,-0.6725492442679737,-1.323404751089636,0.5362724621080682,1.4075055374158152,-0.2856536700826777,0.10185269522307577,0.5041415787794284,-0.30966176864266615,-1.5781287138751485,1.1223852206875329,-0.16012815380508713,-0.41259646939878314,-0.648554890931044,0.0961490046248891,0.856089999905656,-0.6646569357220442,-0.911483974756604,-0.9949426027419808,-0.9255342732523074,-0.07989343228419918,0.7072215180225199,-0.9710519945847689,-1.1383260927744085,-0.7428194340123639,0.8796075188897279,-0.6961081064004871,-0.7021082929699173,1.2460375429287622,2.933571993819334,0.9450430719827936,1.7816700707717326,1.6429109243018758,0.8453348344696201,0.7077362399536292,-0.5805058007225344,1.1545696473358924,-1.3571699170871856,0.25145912885044697,0.1279837500491801,2.504541329810166,1.4724238517768231,0.6518447285406318,-0.7763184987857779,1.2079969675676652,-1.0337859204382358,-0.7192155650692812,-1.128344069573815,-0.21603158562266953,1.2208157430484265
0.0,2.3098561907690334,-0.670296946016374,0.6679464858228334,-1.5448613763667332,0.25285809031729134,-0.25285809031729134,0.14048970411302966,-1.726129857061564,-1.9931014474834938,1.9088025979846726,0.14744948589999174,0.6817329193353401,-0.1506331956189426,2.6292751630623687,-0.44571135868027706,-1.0589605219778861,-1.8461308552828644,0.7839852654379047,0.7489873846735868,1.1418322303813797,-1.405822167067049,-1.1866584342489621,-1.5616453909486119,-0.32879218860717374,-0.5303511768215475,0.8610503913058486,0.33620680277605636,1.379792157661976,1.1156777950242323,1.5744452558373225,0.27044716351029024,-0.5207517998072982,-0.8856536978941679,0.5907106986169739,-1.0549295761075266,1.8903335685603917,-0.20661529754929928,-0.6290976764016629,-0.16705609410342684,0.6129234032752473,0.07462886072488167,1.9090292480629338,0.5362724621080682,-0.9138520044026233,0.8026918104370826,1.4566628929646988,-0.39194767146243636,-0.30966176864266615,-1.5781287138751485,-0.5716725051808857,-0.16012815380508713,-0.41259646939878314,-0.648554890931044,-1.4448549332595704,-0.5413946885240514,-0.6646569357220442,-0.911483974756604,1.279167727436467,-0.9255342732523074,1.2015396878224363,-0.6727458038087416,1.9060183410063973,0.5175437523125814,-0.7428194340123639,-0.7567422364446674,0.872864229943182,2.2542782202800113,-0.41525173426895756,-0.7526617577238643,-0.8130932109142461,-0.6549505261380968,-0.24801066530851296,-0.8452199089262212,-0.7438026899104839,0.47473088529116186,-1.1548052177063493,-1.3571699170871856,-0.8666018017258531,-1.0083620856070368,-0.39927470475234533,-0.9075044536149697,-1.3934992525089367,0.05193474404167029,1.2079969675676652,-1.0337859204382358,0.5052822314780715,-1.128344069573815,-0.21603158562266953,-0.30523636263991905
